{
"type": "FeatureCollection",
"name": "orla_marica",
"crs": { "type": "name", "properties": { "name": "urn:ogc:def:crs:EPSG::31983" } },
"features": [
{ "type": "Feature", "properties": { "objectid": 53.0, "distrito": "2º Distrito de Ponta Negra", "cod_bairro": 26.0, "bairro": "GUARATIBA", "cd_distrit": "2", "nome_pop": "PONTA NEGRA", "Shape__Are": 0.000186365920822, "Shape__Len": 0.13333701601663001, "created_us": null, "created_da": null, "last_edite": null, "last_edi_1": null }, "geometry": { "type": "MultiPolygon", "coordinates": [ [ [ [ 724218.897116801934317, 7459100.306828921660781 ], [ 724169.24725104845129, 7459101.073312271386385 ], [ 724167.819027326535434, 7459278.054760245606303 ], [ 724184.200009140651673, 7459255.820038922131062 ], [ 724194.05141064664349, 7459246.575928316451609 ], [ 724213.055349129484966, 7459250.889684975147247 ], [ 724227.04589051392395, 7459264.996852561831474 ], [ 724244.184295406448655, 7459264.647041575983167 ], [ 724259.399090618477203, 7459254.037597792223096 ], [ 724271.057981265243143, 7459249.403210321441293 ], [ 724299.622101702261716, 7459285.837065678089857 ], [ 724284.174087570398115, 7459295.164086929522455 ], [ 724285.048597129527479, 7459299.663690632209182 ], [ 724312.301053834031336, 7459299.226466248743236 ], [ 724370.285649582277983, 7459283.48712064512074 ], [ 724401.673350880271755, 7459267.310344280675054 ], [ 724423.970870852121152, 7459264.104267308488488 ], [ 724432.860724135069177, 7459260.606543379835784 ], [ 724436.212561968481168, 7459253.465624348260462 ], [ 724446.705613914178684, 7459245.012929705902934 ], [ 724458.018292954424396, 7459233.262922096997499 ], [ 724469.968624528264627, 7459225.24755104444921 ], [ 724502.613314331974834, 7459212.131380651146173 ], [ 724551.726244092220441, 7459212.859958920627832 ], [ 724593.898397915298119, 7459223.353002075105906 ], [ 724663.705591483041644, 7459227.142031748779118 ], [ 724687.260125322500244, 7459236.30516118183732 ], [ 724708.537512724753469, 7459253.793513447977602 ], [ 724719.620040849782526, 7459298.790092592127621 ], [ 724715.223058747709729, 7459327.00729513540864 ], [ 724712.470011789817363, 7459348.750086421146989 ], [ 724707.4991283218842, 7459364.151559313759208 ], [ 724709.393677133484744, 7459371.584126887843013 ], [ 724716.243290603393689, 7459374.498761357739568 ], [ 724734.605926608666778, 7459365.317422425374389 ], [ 724749.179461570107378, 7459356.864850138314068 ], [ 724767.195998013485223, 7459344.040075451135635 ], [ 724781.478096674312837, 7459330.486716324463487 ], [ 724791.388114789500833, 7459319.848022012040019 ], [ 724800.860891459742561, 7459309.209424383938313 ], [ 724808.001941558206454, 7459300.610995200462639 ], [ 724821.500710851978511, 7459279.406480113044381 ], [ 724831.556396614294499, 7459263.812794925644994 ], [ 724842.049410587642342, 7459249.676423905417323 ], [ 724852.54232440632768, 7459238.309118900448084 ], [ 724882.964623292442411, 7459223.480498561635613 ], [ 724916.920955791603774, 7459215.61075839959085 ], [ 724913.860544543946162, 7459225.666525408625603 ], [ 724935.866604297538288, 7459254.084842920303345 ], [ 724955.468025830807164, 7459267.328653708100319 ], [ 724968.11053777358029, 7459268.786018513143063 ], [ 725004.671920084045269, 7459261.93632700573653 ], [ 725067.17423114576377, 7459269.642131937667727 ], [ 725116.250622714171186, 7459281.446751464158297 ], [ 725207.754234853899106, 7459317.425223927944899 ], [ 725222.874271149048582, 7459336.917230594903231 ], [ 725232.784281063359231, 7459363.586912425234914 ], [ 725237.302077501197346, 7459377.285950111225247 ], [ 725240.929972271434963, 7459398.90008604247123 ], [ 725239.925304152537137, 7459440.790314562618732 ], [ 725221.945217409753241, 7459526.245874501764774 ], [ 725195.767478135181591, 7459524.059737021103501 ], [ 725179.007920825039037, 7459532.075292592868209 ], [ 725183.23416617163457, 7459547.086030015721917 ], [ 725192.852790237404406, 7459557.724673888646066 ], [ 725263.825885393074714, 7459575.795914196409285 ], [ 725278.326598939718679, 7459577.526455065235496 ], [ 725283.281611583195627, 7459572.571518147364259 ], [ 725293.920283977058716, 7459576.50632993131876 ], [ 725294.503231389098801, 7459581.169903536327183 ], [ 725346.785830294829793, 7459602.538370480760932 ], [ 725365.002827105927281, 7459613.322724775411189 ], [ 725377.09883161005564, 7459626.439020596444607 ], [ 725397.793186338152736, 7459637.514828756451607 ], [ 725439.674015178228728, 7459659.029098127968609 ], [ 725462.408655953826383, 7459666.752946497872472 ], [ 725481.937235200311989, 7459670.104948555119336 ], [ 725514.290508974343538, 7459662.089448164217174 ], [ 725537.243847804493271, 7459646.80543620698154 ], [ 725551.963085126248188, 7459634.709512175060809 ], [ 725565.516498785465956, 7459626.402472510002553 ], [ 725574.406361830420792, 7459616.638290179893374 ], [ 725587.486099853995256, 7459602.848121395334601 ], [ 725596.376031293650158, 7459591.043443560600281 ], [ 725603.079848405439407, 7459582.736533973366022 ], [ 725609.473852035356686, 7459569.52931572124362 ], [ 725608.599480187287554, 7459552.915492388419807 ], [ 725615.011933100875467, 7459540.673672774806619 ], [ 725630.71495012822561, 7459527.120316988788545 ], [ 725675.856426151003689, 7459522.165290245786309 ], [ 725763.151998720131814, 7459574.484272317029536 ], [ 725781.897225946304388, 7459595.124085200950503 ], [ 725819.041460292297415, 7459616.383128089830279 ], [ 725845.565347167197615, 7459628.624953802675009 ], [ 725867.71707383194007, 7459640.429607881233096 ], [ 725884.294521997100674, 7459650.029903332702816 ], [ 725894.933176493737847, 7459656.879524271003902 ], [ 725907.757899010553956, 7459670.870095180347562 ], [ 725922.458988180034794, 7459686.135842936113477 ], [ 725930.602014511590824, 7459699.63454866874963 ], [ 725938.471667938167229, 7459717.851435047574341 ], [ 725942.697959960671142, 7459730.821995792910457 ], [ 725947.34334853081964, 7459743.191259223967791 ], [ 725952.29825965501368, 7459759.367864846251905 ], [ 725953.300268067279831, 7459801.285030202940106 ], [ 725952.571603580261581, 7459849.905958907678723 ], [ 725942.22441855724901, 7459910.167564637959003 ], [ 725933.18882349319756, 7459961.393638901412487 ], [ 725922.55009931139648, 7459979.264443213120103 ], [ 725917.595124993938953, 7460001.416184117086232 ], [ 725907.393643798073754, 7460030.490486668422818 ], [ 725896.609191065188497, 7460043.460821874439716 ], [ 725897.337899369187653, 7460057.451431180350482 ], [ 725898.040031739277765, 7460070.580117178149521 ], [ 725891.494808393763378, 7460128.966565752401948 ], [ 725895.821271157357842, 7460184.755939387716353 ], [ 725904.929840898839757, 7460197.963126392103732 ], [ 725952.52149238192942, 7460229.842840163037181 ], [ 725977.149885701714084, 7460243.576627559959888 ], [ 725995.082223277073354, 7460256.385479344055057 ], [ 726015.917839125264436, 7460268.169547326862812 ], [ 726040.681479853112251, 7460276.36712736543268 ], [ 726063.566548378556035, 7460281.832308191806078 ], [ 726092.514289984945208, 7460286.93435415904969 ], [ 726130.428292792406864, 7460294.107368264347315 ], [ 726202.434958404162899, 7460305.229616517201066 ], [ 726220.367304979590699, 7460298.398322002962232 ], [ 726232.834456654498354, 7460287.468103383667767 ], [ 726232.663692450383678, 7460277.733525019139051 ], [ 726219.854921109857969, 7460257.81577555835247 ], [ 726218.317922466550954, 7460252.863112224265933 ], [ 726216.268454132718034, 7460246.37329875305295 ], [ 726216.268474223674275, 7460226.391521673649549 ], [ 726217.805506261764094, 7460215.119895532727242 ], [ 726215.926910441252403, 7460195.992104910314083 ], [ 726215.243778684991412, 7460183.524820492602885 ], [ 726211.657334685442038, 7460173.960976704955101 ], [ 726209.437063309713267, 7460169.008274825289845 ], [ 726206.192185231484473, 7460165.080295187421143 ], [ 726203.801316899945959, 7460164.567842358723283 ], [ 726200.897899627918378, 7460166.958917947486043 ], [ 726199.531659222207963, 7460170.716102430596948 ], [ 726200.556385436793789, 7460173.619470408186316 ], [ 726204.313613845966756, 7460175.498051034286618 ], [ 726205.338339966256171, 7460178.230593664571643 ], [ 726204.313552782637998, 7460186.599026628769934 ], [ 726203.801331628346816, 7460196.333672262728214 ], [ 726202.605833551613614, 7460207.776197848841548 ], [ 726198.848539780941792, 7460220.926460790447891 ], [ 726196.457574496045709, 7460224.342209547758102 ], [ 726197.482301439391449, 7460227.074752715416253 ], [ 726199.019288525916636, 7460231.344227889552712 ], [ 726196.457604476599954, 7460234.930817984044552 ], [ 726194.408172676339746, 7460237.492627875879407 ], [ 726194.408179005957209, 7460240.908132875338197 ], [ 726196.286816479521804, 7460247.397966427728534 ], [ 726194.57894106185995, 7460257.474273638799787 ], [ 726197.65301525592804, 7460262.427003726363182 ], [ 726205.167496263515204, 7460260.377555409446359 ], [ 726209.437115042703226, 7460264.988621031865478 ], [ 726213.535925345262513, 7460271.649272687733173 ], [ 726199.873199524125084, 7460275.897478653118014 ], [ 726184.673491918365471, 7460275.555925686843693 ], [ 726175.963550535030663, 7460269.236936496570706 ], [ 726173.401840118225664, 7460260.868535875342786 ], [ 726169.815304426127113, 7460233.052213970571756 ], [ 726173.572453215485439, 7460217.233236885629594 ], [ 726172.889355478691868, 7460202.033527765423059 ], [ 726172.377103053266183, 7460195.73587036319077 ], [ 726166.399620252428576, 7460193.686458287760615 ], [ 726164.179360919515602, 7460187.367482556030154 ], [ 726167.082782696466893, 7460180.194531127810478 ], [ 726170.327644432662055, 7460177.291287497617304 ], [ 726172.377066832385026, 7460171.484689850360155 ], [ 726175.963467442663386, 7460172.16774083673954 ], [ 726178.525263488991186, 7460175.412715636193752 ], [ 726181.940943017718382, 7460173.534069711342454 ], [ 726182.282460530521348, 7460165.507139131426811 ], [ 726184.161119148833677, 7460144.159237453714013 ], [ 726181.087044844403863, 7460129.81334110815078 ], [ 726179.891457598423585, 7460112.201416611671448 ], [ 726190.821711615310051, 7460098.901532784104347 ], [ 726202.605803223326802, 7460095.208417156711221 ], [ 726209.437100029201247, 7460087.523128390312195 ], [ 726213.877474079839885, 7460067.1999018965289 ], [ 726220.687451783916913, 7460059.920165197923779 ], [ 726225.640229927375913, 7460033.81153179705143 ], [ 726250.08356353349518, 7459976.156114405021071 ], [ 726248.589287699665874, 7459966.54943130351603 ], [ 726247.521927498513833, 7459959.504693769849837 ], [ 726250.937623437959701, 7459930.471460778266191 ], [ 726252.005008401116356, 7459869.443003722466528 ], [ 726255.420587535249069, 7459827.440893285907805 ], [ 726260.971106314100325, 7459795.312122481875122 ], [ 726261.184552000137046, 7459751.762316182255745 ], [ 726261.824949264293537, 7459715.310628374107182 ], [ 726268.015878351056017, 7459686.97125549800694 ], [ 726271.431582439108752, 7459659.218855464830995 ], [ 726291.658821371966042, 7459650.519573610275984 ], [ 726335.155264211585745, 7459637.310594303533435 ], [ 726391.300420132931322, 7459608.063835681416094 ], [ 726408.165329492534511, 7459599.951573198661208 ], [ 726435.27715118508786, 7459599.311164853163064 ], [ 726456.918739658198319, 7459589.144224354065955 ], [ 726488.300203865859658, 7459560.11102750711143 ], [ 726523.193397332681343, 7459542.032085051760077 ], [ 726545.643154433812015, 7459527.910447159782052 ], [ 726566.28243002074305, 7459515.961422022432089 ], [ 726591.628895324654877, 7459505.822811375372112 ], [ 726620.123915484989993, 7459501.243984058499336 ], [ 726636.348350144806318, 7459502.311390975490212 ], [ 726646.381942042498849, 7459498.682221090421081 ], [ 726717.470621584565379, 7459495.266615160740912 ], [ 726783.969463492860086, 7459504.446165638044477 ], [ 726852.7099698233651, 7459523.445829302072525 ], [ 726897.487333362805657, 7459544.980601314455271 ], [ 726947.868472026311792, 7459571.23861001059413 ], [ 726983.092659407993779, 7459586.182163876481354 ], [ 727024.000714504509233, 7459608.971049927175045 ], [ 727051.112585399881937, 7459616.869846419431269 ], [ 727077.797576611978002, 7459613.02724284119904 ], [ 727114.702911873580888, 7459645.422829878516495 ], [ 727115.129831734579057, 7459656.523641716688871 ], [ 727108.298493948881514, 7459668.265038348734379 ], [ 727098.478440584149212, 7459675.096445604227483 ], [ 727087.804452197276987, 7459690.466971158981323 ], [ 727071.580016357009299, 7459717.578928134404123 ], [ 727051.512943168752827, 7459739.433924803510308 ], [ 727036.996344644227065, 7459754.163982626982033 ], [ 727016.502188060199842, 7459766.759318763390183 ], [ 727007.10913549689576, 7459765.691872725263238 ], [ 727012.873071848531254, 7459786.612920830026269 ], [ 727025.468422638252378, 7459797.073378694243729 ], [ 727046.309261047746986, 7459808.974838339723647 ], [ 727054.634998216526583, 7459806.840024961158633 ], [ 727061.252938241115771, 7459813.457942150533199 ], [ 727070.432549545308575, 7459812.39059080556035 ], [ 727108.004861017805524, 7459819.64887798205018 ], [ 727151.554812518996187, 7459816.660150313749909 ], [ 727196.3854918142315, 7459810.255826358683407 ], [ 727230.408765267580748, 7459798.941313676536083 ], [ 727244.925426365109161, 7459789.334738846868277 ], [ 727301.070564311812632, 7459779.301128311082721 ], [ 727367.809558669338003, 7459771.615875869989395 ], [ 727401.966354943229817, 7459762.863330501131713 ], [ 727429.291835906682536, 7459763.290197852998972 ], [ 727478.552235303679481, 7459749.84100822545588 ], [ 727503.022265650099143, 7459733.696603814139962 ], [ 727523.089405111502856, 7459719.393430142663419 ], [ 727537.819515973911621, 7459708.292519556358457 ], [ 727553.830495549249463, 7459700.607268117368221 ], [ 727567.066166595439427, 7459691.214137488976121 ], [ 727586.065937453298829, 7459678.832351787947118 ], [ 727607.627335208002478, 7459667.517865063622594 ], [ 727642.584551472798921, 7459651.960550623014569 ], [ 727696.755114887258969, 7459648.331455267034471 ], [ 727743.507092314655893, 7459676.724137395620346 ], [ 727768.831152910832316, 7459685.690428277477622 ], [ 727795.302566637983546, 7459690.813879664987326 ], [ 727820.493226538761519, 7459688.892603060230613 ], [ 727860.147139097796753, 7459687.184773737564683 ], [ 727889.820693257963285, 7459676.297231359407306 ], [ 727954.02474888600409, 7459660.072753920219839 ], [ 728011.18390732537955, 7459648.99852448143065 ], [ 728172.281044956063852, 7459641.099731545895338 ], [ 728336.953783869394101, 7459653.054700598120689 ], [ 728502.05357915093191, 7459661.380354294553399 ], [ 728590.14072953001596, 7459676.323956240899861 ], [ 728635.184863668866456, 7459698.312330644577742 ], [ 728673.077534338925034, 7459709.573371151462197 ], [ 728700.82991956837941, 7459721.955169746652246 ], [ 728727.941839433740824, 7459740.527924913913012 ], [ 728746.727969703031704, 7459753.336780862882733 ], [ 728761.031054539373145, 7459767.426369739696383 ], [ 728770.851252611959353, 7459783.010402244515717 ], [ 728785.981621515471488, 7459801.503120286390185 ], [ 728798.149923371034674, 7459811.536545358598232 ], [ 728811.385598553693853, 7459821.783727496862411 ], [ 728825.902280822745524, 7459833.738434797152877 ], [ 728826.676098845666274, 7459847.107659517787397 ], [ 728842.0465651541017, 7459868.45556344743818 ], [ 728851.226298345020041, 7459878.91602608282119 ], [ 728869.585505147697404, 7459885.960972860455513 ], [ 728892.42776481132023, 7459906.668481230735779 ], [ 728917.778496330487542, 7459928.790306285955012 ], [ 728935.49742837343365, 7459963.37396801635623 ], [ 728957.699239076464437, 7459982.587136234156787 ], [ 728967.51925256382674, 7459992.834185404703021 ], [ 728983.476946740294807, 7459999.585506003350019 ], [ 729012.510131676564924, 7460009.619099808856845 ], [ 729038.93943685782142, 7460040.835527471266687 ], [ 729050.784613524097949, 7460056.439577909186482 ], [ 729059.376264771795832, 7460072.359438344836235 ], [ 729074.032711843959987, 7460088.27942674048245 ], [ 729079.844696726766415, 7460104.957338735461235 ], [ 729083.382488709990866, 7460117.086727949790657 ], [ 729097.78621526772622, 7460127.194623289629817 ], [ 729110.958020756370388, 7460132.059026100672781 ], [ 729128.362481755437329, 7460131.995831595733762 ], [ 729143.517865092726424, 7459848.591181978583336 ], [ 729156.129957551835105, 7459695.690029229037464 ], [ 729158.129966384265572, 7459665.760044798254967 ], [ 729142.169982449151576, 7459664.680099960416555 ], [ 729126.200049855746329, 7459663.600068307481706 ], [ 729118.209955719532445, 7459663.060068879276514 ], [ 729119.010026744799688, 7459651.030072346329689 ], [ 729119.839999005431309, 7459639.010034065693617 ], [ 729120.630002231220715, 7459627.04012406617403 ], [ 729121.420001419261098, 7459615.070102989673615 ], [ 729122.179985239985399, 7459603.130117651075125 ], [ 729122.969979742309079, 7459591.160095969215035 ], [ 729123.770025365520269, 7459579.190031744539738 ], [ 729124.569970320328139, 7459567.200027631595731 ], [ 729125.359959436813369, 7459555.230115778744221 ], [ 729126.160051375394687, 7459543.250079268589616 ], [ 729126.950034088571556, 7459531.280056038871408 ], [ 729127.740014449693263, 7459519.310032493434846 ], [ 729128.529994142008945, 7459507.340119403786957 ], [ 729129.319969795411453, 7459495.370095242746174 ], [ 729130.110045663430355, 7459483.400069216266274 ], [ 729137.919951566378586, 7459483.910114426165819 ], [ 729153.979980464209802, 7459484.970020970329642 ], [ 729170.029961610212922, 7459486.030063612386584 ], [ 729171.959978350438178, 7459456.240052442997694 ], [ 729172.250041763531044, 7459443.290105182677507 ], [ 729173.969957359135151, 7459413.340105207636952 ], [ 729175.689961801399477, 7459383.390101880766451 ], [ 729177.441656203591265, 7459337.712741740047932 ], [ 729032.066162917180918, 7459331.287991264835 ], [ 728571.44508663774468, 7459277.326839652843773 ], [ 728432.626520148245618, 7459271.794321585446596 ], [ 728305.304322686744854, 7459267.578863555565476 ], [ 728151.229027668945491, 7459255.148496709764004 ], [ 727990.160126472590491, 7459241.161322299391031 ], [ 727676.405182513408363, 7459235.24533331207931 ], [ 727004.346762654837221, 7459213.59385778196156 ], [ 726919.15004822704941, 7459205.860056307166815 ], [ 726791.999271316220984, 7459202.864007232710719 ], [ 726231.048478197888471, 7459186.792938020080328 ], [ 726107.199139417149127, 7459181.619725126773119 ], [ 725926.251143134897575, 7459169.380794916301966 ], [ 725685.785467646550387, 7459158.48314303625375 ], [ 725498.011551579809748, 7459156.375600475817919 ], [ 725433.248722962569445, 7459152.735013511963189 ], [ 725277.017750597791746, 7459143.92116410471499 ], [ 724947.119970922823995, 7459131.490637188777328 ], [ 724853.328931845491752, 7459130.149489153176546 ], [ 724714.318622454302385, 7459124.976061128079891 ], [ 724584.721101879957132, 7459118.293770290911198 ], [ 724452.991931489901617, 7459111.587551412172616 ], [ 724218.897116801934317, 7459100.306828921660781 ] ] ] ] } },
{ "type": "Feature", "properties": { "objectid": 55.0, "distrito": "2º Distrito de Ponta Negra", "cod_bairro": 23.0, "bairro": "PONTA NEGRA", "cd_distrit": "2", "nome_pop": "PONTA NEGRA", "Shape__Are": 0.00081051452876500002, "Shape__Len": 0.193514237028035, "created_us": null, "created_da": null, "last_edite": null, "last_edi_1": null }, "geometry": { "type": "MultiPolygon", "coordinates": [ [ [ [ 735389.506340833613649, 7459897.868834087625146 ], [ 735408.431833185488358, 7459898.569828467443585 ], [ 735506.563943061744794, 7459923.102790064178407 ], [ 735555.542410784284584, 7459947.285330918617547 ], [ 735611.267451797961257, 7459972.16892503388226 ], [ 735614.421749738394283, 7459976.374623844400048 ], [ 735622.482495623873547, 7459978.827868962660432 ], [ 735638.604236000333913, 7459973.220286075025797 ], [ 735645.832732487469912, 7459972.168894902803004 ], [ 735659.851615553721786, 7459983.734521066769958 ], [ 735675.973344618687406, 7459988.641068115830421 ], [ 735693.496915178606287, 7459988.991521552205086 ], [ 735720.833697467925958, 7460011.071306073106825 ], [ 735738.006803377531469, 7460028.945429443381727 ], [ 735756.581874575233087, 7460050.324211474508047 ], [ 735754.368366910028271, 7460067.658736484125257 ], [ 735729.91857350571081, 7460128.156416113488376 ], [ 735728.351284775533713, 7460283.201026096940041 ], [ 735745.591499147587456, 7460302.165274256840348 ], [ 735731.877737620845437, 7460390.129828466102481 ], [ 735728.116246222169138, 7460435.581224063411355 ], [ 735706.487480913172476, 7460483.227122437208891 ], [ 735671.30165623605717, 7460509.479248208925128 ], [ 735614.957527371589094, 7460535.574821974150836 ], [ 735590.272582269506529, 7460549.171053467318416 ], [ 735539.805584188667126, 7460590.861027107574046 ], [ 735516.923061284818687, 7460634.43187110312283 ], [ 735488.163260251749307, 7460726.823927160352468 ], [ 735466.221142524154857, 7460760.050597831606865 ], [ 735447.413557989755645, 7460779.171629698947072 ], [ 735383.232750316499732, 7460753.58552435785532 ], [ 735369.440618823864497, 7460760.168160062283278 ], [ 735342.483232379076071, 7460816.590722184628248 ], [ 735339.975516716134734, 7460827.248400149866939 ], [ 735287.431863458012231, 7460880.379646236076951 ], [ 735251.697634727228433, 7460897.933443389832973 ], [ 735220.978558426606469, 7460907.964094935916364 ], [ 735209.811571565689519, 7460901.459825225174427 ], [ 735182.227193711674772, 7460909.609787799417973 ], [ 735100.414428844349459, 7460922.148148080334067 ], [ 735080.392205926589668, 7460934.138013223186135 ], [ 735055.31553963071201, 7460995.262423702515662 ], [ 735009.707236516056582, 7461088.634058929048479 ], [ 734976.480502945487387, 7461104.307036753743887 ], [ 734950.776944206096232, 7461122.487724993377924 ], [ 734933.536620579310693, 7461155.714324092492461 ], [ 734890.906223765574396, 7461195.210199313238263 ], [ 734876.878919488051906, 7461210.373732019215822 ], [ 734855.87710587400943, 7461231.062057982198894 ], [ 734840.831121617811732, 7461247.988885183818638 ], [ 734828.292688354384154, 7461250.809995258226991 ], [ 734816.067769604269415, 7461264.602174332365394 ], [ 734798.318156306748278, 7461281.607426765374839 ], [ 734777.316505880677141, 7461289.130378382280469 ], [ 734747.537904596421868, 7461296.339925512671471 ], [ 734718.072749291663058, 7461305.116826672106981 ], [ 734703.966973036527634, 7461305.116772968322039 ], [ 734682.024884257582016, 7461321.416651887819171 ], [ 734658.985722566721961, 7461337.207228569313884 ], [ 734624.818564121844247, 7461332.19176365993917 ], [ 734606.638023211620748, 7461341.908992331475019 ], [ 734596.293888172833249, 7461346.92433163896203 ], [ 734527.646281070192344, 7461352.253184296190739 ], [ 734504.254441823810339, 7461359.227646883577108 ], [ 734459.74319118517451, 7461374.587092550471425 ], [ 734447.518311844207346, 7461374.587103200145066 ], [ 734423.068495381507091, 7461363.616034904494882 ], [ 734398.383646403439343, 7461371.805176475085318 ], [ 734378.008818637579679, 7461399.389587895944715 ], [ 734343.841769620776176, 7461433.243128418922424 ], [ 734293.414021722273901, 7461459.299515085294843 ], [ 734240.243456883938052, 7461497.032130513340235 ], [ 734205.136130533763207, 7461531.199041832238436 ], [ 734177.238288992783055, 7461555.02194207906723 ], [ 734149.105327545665205, 7461577.982854114845395 ], [ 734097.071139944018796, 7461586.132775045931339 ], [ 734068.036971586639993, 7461602.863664081320167 ], [ 734028.854596398421563, 7461643.613329479470849 ], [ 733968.983938480261713, 7461667.436221650801599 ], [ 733937.402888239827007, 7461669.9830870507285 ], [ 733913.893456982332282, 7461683.148383781313896 ], [ 733882.861044426797889, 7461725.778770936653018 ], [ 733877.297107204562053, 7461742.548873918130994 ], [ 733885.760486232698895, 7461768.252602865919471 ], [ 733871.341388729866594, 7461801.792698199860752 ], [ 733842.189649474923499, 7461841.36685005389154 ], [ 733815.232230608700775, 7461883.997284117154777 ], [ 733792.467312838183716, 7461929.644815007224679 ], [ 733788.276717129279859, 7461935.392861166968942 ], [ 733761.40173999115359, 7461959.121308130212128 ], [ 733742.90697946283035, 7461972.992305153980851 ], [ 733682.028826300171204, 7461994.055615833029151 ], [ 733665.846027878345922, 7462010.75216980651021 ], [ 733608.596779874409549, 7462040.687197361141443 ], [ 734012.232355504529551, 7462180.439889950677752 ], [ 734027.565955235972069, 7462188.873774515464902 ], [ 734040.709127240232192, 7462196.102726893499494 ], [ 734053.85221344709862, 7462203.331891976296902 ], [ 734066.995309570222162, 7462210.560825116932392 ], [ 734082.328873358666897, 7462218.994771412573755 ], [ 734134.086968349176459, 7462238.263917262665927 ], [ 734134.337851374177262, 7462239.518340198323131 ], [ 734135.09062714187894, 7462240.772943366318941 ], [ 734135.843298711813986, 7462242.027437345124781 ], [ 734136.596077769412659, 7462243.03121835552156 ], [ 734137.348852151189931, 7462244.285710677504539 ], [ 734145.384090331033804, 7462247.474198190495372 ], [ 734159.320538943517022, 7462253.021947858855128 ], [ 734173.256793703651056, 7462258.569688697345555 ], [ 734177.637622906127945, 7462260.490587109699845 ], [ 734180.622559971408918, 7462261.485609794966877 ], [ 734183.607600078685209, 7462262.48063032887876 ], [ 734185.597552600083873, 7462263.077542828395963 ], [ 734217.615065480698831, 7462288.358226837590337 ], [ 734486.02001614542678, 7462430.020098140463233 ], [ 734524.96995538752526, 7462440.050062272697687 ], [ 734561.039956004824489, 7462450.010080916807055 ], [ 734601.979999114642851, 7462450.040123593062162 ], [ 734667.040037669241428, 7462469.970128487795591 ], [ 734739.960000226157717, 7462480.02008228842169 ], [ 734810.970014178310521, 7462499.960096157155931 ], [ 734834.979962059296668, 7462500.030107980594039 ], [ 734854.019966046093032, 7462510.040050566196442 ], [ 734892.960025719716214, 7462519.960028883069754 ], [ 734956.030044836690649, 7462530.050123121589422 ], [ 735021.03998572519049, 7462540.010119769722223 ], [ 735083.989995402749628, 7462549.99011567607522 ], [ 735186.969986466341652, 7462539.970129316672683 ], [ 735238.92999117448926, 7462542.15009168535471 ], [ 735313.029983080457896, 7462509.970051049254835 ], [ 735472.009995433851145, 7462400.020028594881296 ], [ 735541.999983180547133, 7462419.980027263984084 ], [ 735586.01995228882879, 7462419.9600436873734 ], [ 735638.980047798715532, 7462439.960091153159738 ], [ 735693.009970386861823, 7462449.970079073682427 ], [ 735860.990028025698848, 7462450.000100598670542 ], [ 735891.989996594027616, 7462470.01009317394346 ], [ 735947.050017905887216, 7462480.010060609318316 ], [ 735978.970043072127737, 7462500.00006240233779 ], [ 735999.999962270609103, 7462500.010068555362523 ], [ 736021.969985255971551, 7462520.050070286728442 ], [ 736050.969959490234032, 7462570.000111564993858 ], [ 736096.029965036083013, 7462590.010035047307611 ], [ 736140.980048514087684, 7462610.030088644474745 ], [ 736202.970029198331758, 7462630.000075556337833 ], [ 736235.040012935409322, 7462640.020038635469973 ], [ 736288.040012494428083, 7462650.040051801130176 ], [ 736348.950044029043056, 7462659.950056182220578 ], [ 736382.050006048055366, 7462669.950030399486423 ], [ 736445.990051480941474, 7462690.000064829364419 ], [ 736477.029980561346747, 7462700.040130587294698 ], [ 736497.039981919340789, 7462699.950030565261841 ], [ 736527.010040358640254, 7462719.970025772228837 ], [ 736548.049949567764997, 7462719.97005963884294 ], [ 736565.960017849225551, 7462730.000038833357394 ], [ 736631.029976731399074, 7462750.030059236101806 ], [ 736740.019980492535979, 7462770.030058726668358 ], [ 736846.950018870295025, 7462789.95009945333004 ], [ 736909.970023773610592, 7462810.010079557076097 ], [ 737020.25998981599696, 7462840.960056089796126 ], [ 737010.966546322684735, 7462711.259517626836896 ], [ 736996.14874924486503, 7462679.253134379163384 ], [ 736986.961767338099889, 7462532.372597685083747 ], [ 736978.663809591904283, 7462517.851171549409628 ], [ 736968.291426871437579, 7462367.933025982230902 ], [ 736985.776288827997632, 7462356.671496732160449 ], [ 736999.40864401194267, 7462244.760729655623436 ], [ 737013.040920063387603, 7462225.201228223741055 ], [ 737024.895091560319997, 7461954.703906128183007 ], [ 737036.119525158545002, 7461936.811484342440963 ], [ 737044.09998207911849, 7461916.050111621618271 ], [ 737059.235153909539804, 7461907.768731094896793 ], [ 737070.360025279223919, 7461889.710105976089835 ], [ 737081.424651167588308, 7461874.503028744831681 ], [ 737087.648128194967285, 7461803.081551974639297 ], [ 737077.905470275785774, 7461773.075622344389558 ], [ 737066.051271511940286, 7461632.344395903870463 ], [ 737051.492918081698008, 7461615.711501054465771 ], [ 737038.786650585359894, 7461533.510207200422883 ], [ 737028.673606280004606, 7461514.543608879670501 ], [ 737028.377285592025146, 7461485.426717446185648 ], [ 737044.02997092041187, 7461468.130092395469546 ], [ 737049.084972483920865, 7461449.197415098547935 ], [ 737061.53195198206231, 7461434.676065860316157 ], [ 737073.978838487062603, 7461421.04379054158926 ], [ 737131.397516290890053, 7461406.522420380264521 ], [ 737152.475724214338697, 7461392.519682485610247 ], [ 737162.514747216715477, 7461376.516434908844531 ], [ 737175.54995933547616, 7461362.140043406747282 ], [ 737207.486371127073653, 7461354.215925747528672 ], [ 737231.194775349693373, 7461339.398119254037738 ], [ 737253.124963367241435, 7461332.248545674607158 ], [ 737268.49842290696688, 7461308.206734303385019 ], [ 737280.81998529122211, 7461283.260065058246255 ], [ 737289.206172043923289, 7461255.381716053932905 ], [ 737295.133160281344317, 7461227.190999710932374 ], [ 737307.069971144665033, 7461204.300074933096766 ], [ 737322.990552763221785, 7461194.851312089711428 ], [ 737340.771783113363199, 7461151.509458817541599 ], [ 737356.737927376176231, 7461125.393171620555222 ], [ 737366.776910636923276, 7461006.592154318466783 ], [ 737384.002530803903937, 7460987.66261975467205 ], [ 737412.29997734958306, 7460966.770091910846531 ], [ 737465.659986059064977, 7460940.560049519874156 ], [ 737492.019989908556454, 7460914.220109114423394 ], [ 737502.665227494901046, 7460893.198963629081845 ], [ 737532.879516401328146, 7460880.436067916452885 ], [ 737570.920007630134933, 7460861.570125002413988 ], [ 737597.180052652722225, 7460835.340115629136562 ], [ 737610.40122729097493, 7460814.440103609114885 ], [ 737630.134896061150357, 7460802.080285005271435 ], [ 737649.809984414023347, 7460782.660050339996815 ], [ 737670.06150885974057, 7460763.411165871657431 ], [ 737690.181959832785651, 7460738.889381886459887 ], [ 737703.38610083446838, 7460711.852428896352649 ], [ 737714.718463177792728, 7460574.419102881103754 ], [ 737885.980691764969379, 7460583.023026572540402 ], [ 737863.20830632164143, 7460568.616122040897608 ], [ 737808.833614541566931, 7460538.40797633305192 ], [ 737776.95168805681169, 7460516.306164862588048 ], [ 737758.088850839412771, 7460499.958288199268281 ], [ 737735.767610376002267, 7460486.125520251691341 ], [ 737712.188764853170142, 7460467.891162066720426 ], [ 737699.299063272075728, 7460453.429540128447115 ], [ 737693.011466112919152, 7460437.396077804267406 ], [ 737709.35939764638897, 7460416.332345549017191 ], [ 737710.010015023057349, 7460377.770115790888667 ], [ 737699.680018896935508, 7460346.910052103921771 ], [ 737689.439957909984514, 7460315.830087054520845 ], [ 737679.099978019250557, 7460284.970062484033406 ], [ 737668.870026034070179, 7460254.11007022857666 ], [ 737658.590016438858584, 7460233.560102332383394 ], [ 737622.628958056913689, 7460203.770330952480435 ], [ 737629.545422737719491, 7460185.22162707336247 ], [ 737636.461821740027517, 7460169.816919392906129 ], [ 737638.000010666204616, 7460150.900058530271053 ], [ 737632.728632466751151, 7460130.047466258518398 ], [ 737650.962826451985165, 7460095.779725769534707 ], [ 737672.969631735351868, 7460085.719430075958371 ], [ 737701.26396056113299, 7460075.030382953584194 ], [ 737717.612025371752679, 7460060.568794364109635 ], [ 737727.357790235895663, 7460042.138108316808939 ], [ 737731.759150255005807, 7460016.987502140924335 ], [ 737715.411312639829703, 7460009.127886104397476 ], [ 737688.688719416735694, 7460007.241526622325182 ], [ 737688.060020636301488, 7459984.527397820726037 ], [ 737695.290837329230271, 7459955.604163751006126 ], [ 737689.003058550530113, 7459943.657652154564857 ], [ 737690.574967524036765, 7459938.902542792260647 ], [ 737698.749019435374066, 7459939.217000426724553 ], [ 737689.003051434643567, 7459925.698459850624204 ], [ 737656.307340212748386, 7459910.922521036118269 ], [ 737628.052069797297008, 7459875.633007744327188 ], [ 737629.623975854832679, 7459847.967287547886372 ], [ 737640.313011246849783, 7459821.873588414862752 ], [ 737644.714405594975688, 7459801.949421927332878 ], [ 737630.881582264555618, 7459776.484493620693684 ], [ 737639.055453482549638, 7459760.451008043251932 ], [ 737649.430137734278105, 7459758.564690502360463 ], [ 737668.293141974369064, 7459728.069423689506948 ], [ 737677.095814506523311, 7459729.209204978309572 ], [ 737694.701277930522338, 7459715.690625975839794 ], [ 737690.928726429934613, 7459663.503089314326644 ], [ 737698.159458951558918, 7459650.770594159141183 ], [ 737686.841742833144963, 7459632.497061207890511 ], [ 737672.06568580493331, 7459624.951865017414093 ], [ 737658.861627191305161, 7459619.489512637257576 ], [ 737657.28970773331821, 7459617.917618797160685 ], [ 737660.119251876138151, 7459615.71686483733356 ], [ 737673.323269016807899, 7459619.175022304058075 ], [ 737676.152712320559658, 7459616.97448829934001 ], [ 737677.724636380560696, 7459610.175850195810199 ], [ 737674.895216278033331, 7459598.22936537861824 ], [ 737689.985548612195998, 7459581.881457671523094 ], [ 737693.443800884415396, 7459567.105500299483538 ], [ 737681.494453617604449, 7459548.703121008351445 ], [ 737660.730740731814876, 7459528.950644299387932 ], [ 737644.144822548609227, 7459511.908486546948552 ], [ 737621.07976612681523, 7459499.349004108458757 ], [ 737617.284807923948392, 7459480.497136579826474 ], [ 737630.70126211468596, 7459441.53008078597486 ], [ 737628.172579614445567, 7459419.942427022382617 ], [ 737625.927551747998223, 7459410.000102866441011 ], [ 737624.559366282308474, 7459393.384673165157437 ], [ 737623.756282118149102, 7459381.448298215866089 ], [ 737631.283011090825312, 7459374.58535585179925 ], [ 737631.595283933798783, 7459368.532058477401733 ], [ 737632.139056420652196, 7459362.442201934754848 ], [ 737621.764391459757462, 7459351.124342566356063 ], [ 737613.276114436448552, 7459334.697858851402998 ], [ 737607.302761250524782, 7459326.209453392773867 ], [ 737602.272702776012011, 7459317.721224578097463 ], [ 737597.556995302904397, 7459298.81885452568531 ], [ 737589.383028535172343, 7459295.3607062920928 ], [ 737577.122061100439169, 7459282.156591041013598 ], [ 737558.573482437524945, 7459272.096321155317128 ], [ 737547.923706464818679, 7459262.900627683848143 ], [ 737531.575770611525513, 7459234.920530635863543 ], [ 737524.030633866088465, 7459219.515791551209986 ], [ 737509.018855538917705, 7459203.678793113678694 ], [ 737500.530533560086042, 7459186.073236857540905 ], [ 737493.614101162645966, 7459171.926116992719471 ], [ 737485.125811494188383, 7459154.320554591715336 ], [ 737473.493587897159159, 7459141.43084754422307 ], [ 737461.900738240918145, 7459130.89912218041718 ], [ 737443.666540726437233, 7459119.581295090727508 ], [ 737432.34871450252831, 7459089.714895065873861 ], [ 737423.860411291010678, 7459087.828534225001931 ], [ 737411.599376795813441, 7459092.858805105090141 ], [ 737378.90360612294171, 7459087.199820971116424 ], [ 737351.237884816830046, 7459089.714861702173948 ], [ 737332.453525781398639, 7459081.540945593267679 ], [ 737317.677478605299257, 7459079.025890473276377 ], [ 737307.617260345257819, 7459072.423880181275308 ], [ 737302.272766311885789, 7459066.765011865645647 ], [ 737308.560375182540156, 7459053.835958732292056 ], [ 737273.349531654268503, 7459026.798942958004773 ], [ 737260.459777162643149, 7459024.284015258774161 ], [ 737245.487310119671747, 7459013.162728933617473 ], [ 737231.340122545603663, 7459004.988728730008006 ], [ 737224.738129520090297, 7458996.81478498596698 ], [ 737229.768152960110456, 7458987.068862466141582 ], [ 737209.962114742724225, 7458967.891419932246208 ], [ 737201.47372375393752, 7458968.205897269770503 ], [ 737192.042246424243785, 7458947.73165974766016 ], [ 737155.259442750713788, 7458920.065968653187156 ], [ 737136.160656702704728, 7458919.712242905050516 ], [ 737133.64557824190706, 7458907.765737174078822 ], [ 737096.548404429107904, 7458902.735693269409239 ], [ 737090.26078240480274, 7458913.110278200358152 ], [ 737077.999843130819499, 7458910.280851415358484 ], [ 737073.912809754139744, 7458920.026708816178143 ], [ 737072.34094205184374, 7458971.585457131266594 ], [ 737041.295584893901832, 7458974.414976325817406 ], [ 737026.833959834417328, 7458966.869830197654665 ], [ 737018.345726281404495, 7458965.297895234078169 ], [ 737012.372361985966563, 7458952.09375608060509 ], [ 737003.569667278439738, 7458935.431440344080329 ], [ 736999.680035261088051, 7458924.430111721158028 ], [ 736989.186593625345267, 7458904.228978555649519 ], [ 736976.611265122424811, 7458885.365945926867425 ], [ 736955.862025363487191, 7458880.021425490267575 ], [ 736932.912083466071635, 7458872.4762301472947 ], [ 736922.851802033139393, 7458867.446211084723473 ], [ 736911.533997733378783, 7458863.359191768802702 ], [ 736908.822495980653912, 7458840.291365964338183 ], [ 736880.84238879813347, 7458818.284468477591872 ], [ 736855.06304423417896, 7458814.826305433176458 ], [ 736850.347277164808474, 7458822.685821221210063 ], [ 736799.495828703045845, 7458826.458502613008022 ], [ 736781.890396351926029, 7458830.859864888712764 ], [ 736776.860197963076644, 7458838.090694326907396 ], [ 736794.15132439462468, 7458845.950162995606661 ], [ 736795.40885187254753, 7458852.277181551791728 ], [ 736796.35196884709876, 7458863.595011600293219 ], [ 736764.677860204013996, 7458863.59500010125339 ], [ 736697.085604172083549, 7458877.427788795903325 ], [ 736665.332900061272085, 7458892.518221382983029 ], [ 736626.97817577701062, 7458903.835967391729355 ], [ 736629.807635359000415, 7458893.46136025339365 ], [ 736621.083464438328519, 7458888.745612544938922 ], [ 736608.822522896109149, 7458892.203782232478261 ], [ 736606.307513122214004, 7458886.544865056872368 ], [ 736610.708813422592357, 7458877.742138259112835 ], [ 736604.421196433715522, 7458871.768838182091713 ], [ 736567.638448096229695, 7458888.745551485568285 ], [ 736565.516255360562354, 7458876.799026472494006 ], [ 736548.853965569287539, 7458877.113435347564518 ], [ 736548.853960750158876, 7458867.367622829973698 ], [ 736548.539635515888222, 7458862.023096168413758 ], [ 736540.680018980754539, 7458858.250495117157698 ], [ 736525.904006505035795, 7458859.822385552339256 ], [ 736513.957489204825833, 7458888.745574454776943 ], [ 736488.492463159956969, 7458898.491480059921741 ], [ 736480.318548772134818, 7458931.816063182428479 ], [ 736471.279997093020938, 7458958.02780769392848 ], [ 736467.507397340959869, 7458949.539350403472781 ], [ 736461.848473409889266, 7458940.422329278662801 ], [ 736457.132849004818127, 7458963.05788859911263 ], [ 736447.072499627014622, 7458960.228504907339811 ], [ 736441.728001474868506, 7458943.605435588397086 ], [ 736436.069073037011549, 7458949.893107770010829 ], [ 736424.122605110751465, 7458974.100560231134295 ], [ 736429.467119317268953, 7458977.558761871419847 ], [ 736434.497152174357325, 7458973.471721006557345 ], [ 736442.985522674862295, 7458977.873203313909471 ], [ 736456.189559863763861, 7458984.514432318508625 ], [ 736463.10602975054644, 7458994.260371032170951 ], [ 736485.427172666531987, 7459000.587389769032598 ], [ 736436.383527152123861, 7459018.507192253135145 ], [ 736427.266435548430309, 7459025.737932287156582 ], [ 736420.350038898410276, 7459052.774909963831306 ], [ 736389.854821531102061, 7459059.376984510570765 ], [ 736377.593890827149153, 7459080.126268300227821 ], [ 736376.100639136740938, 7459088.418031921610236 ], [ 736353.464962190948427, 7459092.190676336176693 ], [ 736350.949944546213374, 7459100.364646954461932 ], [ 736357.551992901368067, 7459103.822850344702601 ], [ 736366.040340712759644, 7459106.652281458489597 ], [ 736377.043702076654881, 7459129.60231045819819 ], [ 736370.441689723404124, 7459145.753698965534568 ], [ 736378.301158859860152, 7459164.302251893095672 ], [ 736342.147214671014808, 7459195.426188312470913 ], [ 736325.170549257192761, 7459235.98155970685184 ], [ 736317.979002965963446, 7459240.225793709978461 ], [ 736317.979043936589733, 7459244.312806277535856 ], [ 736323.952291336143389, 7459249.657227045856416 ], [ 736317.350164155708626, 7459266.005120400339365 ], [ 736317.979016858851537, 7459278.894875933416188 ], [ 736321.948137561092153, 7459289.662428139708936 ], [ 736236.750322569860145, 7459321.41522828117013 ], [ 736191.479184338473715, 7459342.164486127905548 ], [ 736134.689999922295101, 7459367.670084731653333 ], [ 736041.810027899686247, 7459398.600047191604972 ], [ 735911.560395869775675, 7459429.051939581520855 ], [ 735845.85435275034979, 7459445.714229246601462 ], [ 735805.269975756993517, 7459460.5800391882658 ], [ 735738.060328667284921, 7459471.297307191416621 ], [ 735581.576200080802664, 7459490.788989461958408 ], [ 735439.592963974457234, 7459503.049844212830067 ], [ 735261.730876139132306, 7459519.712216425687075 ], [ 735094.569992732140236, 7459532.520083935931325 ], [ 734897.989782806602307, 7459545.255786311812699 ], [ 734703.072340676677413, 7459557.280960811302066 ], [ 734476.800019101588987, 7459563.420123223215342 ], [ 734239.082369287731126, 7459567.341279562562704 ], [ 733951.559994547162205, 7459573.70008147880435 ], [ 733310.682527355384082, 7459571.785213747993112 ], [ 733312.195663651451468, 7459600.963299758732319 ], [ 733310.944345562951639, 7459625.560869233682752 ], [ 733350.199998158263043, 7459626.10010590031743 ], [ 733350.039998170454055, 7459638.190100712701678 ], [ 733349.879973540082574, 7459651.000099708326161 ], [ 733349.519958487246186, 7459663.570021001622081 ], [ 733349.409976379480213, 7459676.180049059912562 ], [ 733349.310010620974936, 7459688.920096244663 ], [ 733349.349960806081071, 7459700.970098858699203 ], [ 733340.78997053031344, 7459700.910111542791128 ], [ 733325.249979508924298, 7459700.730073729529977 ], [ 733309.34999351692386, 7459700.690093900077045 ], [ 733309.010022962349467, 7459729.340078302659094 ], [ 733308.930001365370117, 7459744.760077998042107 ], [ 733308.510027593467385, 7459772.770066125318408 ], [ 733324.639954258454964, 7459772.760071489959955 ], [ 733340.739581068279222, 7459772.833840925246477 ], [ 733348.90003429481294, 7459772.850059881806374 ], [ 733348.699987943982705, 7459785.250100611709058 ], [ 733348.389978341991082, 7459796.930068925023079 ], [ 733348.259976312052459, 7459809.090056351386011 ], [ 733348.190042668138631, 7459821.240028087049723 ], [ 733333.527481039636768, 7459821.79043192230165 ], [ 733333.140036626020446, 7459839.160059903748333 ], [ 733308.150028286036104, 7459839.120121374726295 ], [ 733308.160007413243875, 7459862.660063669085503 ], [ 733308.731073550647125, 7459917.928080685436726 ], [ 733290.42807989474386, 7459935.692726597189903 ], [ 733288.864961123093963, 7460033.983395982533693 ], [ 733310.133916367893107, 7460048.194408339448273 ], [ 733311.071375718107447, 7460066.00747431628406 ], [ 733295.602165369899012, 7460076.320328327827156 ], [ 733288.570721966214478, 7460071.632641106843948 ], [ 733287.633070355746895, 7460045.381725256331265 ], [ 733283.414198871934786, 7460047.256899851374328 ], [ 733280.601633563870564, 7460086.164476461708546 ], [ 733287.633057723054662, 7460091.32090693153441 ], [ 733302.164870380889624, 7460091.320884411223233 ], [ 733336.384814883116633, 7460094.602280187420547 ], [ 733356.541831148206256, 7460090.852203629910946 ], [ 733403.887171592446975, 7460060.85107047483325 ], [ 733451.232649097917601, 7460044.913057202473283 ], [ 733517.679322829120792, 7460030.128208469599485 ], [ 733580.063411252340302, 7460029.777698457241058 ], [ 733586.021378549165092, 7460025.221555615775287 ], [ 733598.988827293040231, 7460024.871048206463456 ], [ 733610.554354378022254, 7460027.324363658204675 ], [ 733616.162033197470009, 7460030.829189594835043 ], [ 733660.321378402411938, 7460018.913076153025031 ], [ 733706.583730992977507, 7460002.791389307007194 ], [ 733724.632993849227205, 7460003.886548837646842 ], [ 733735.848050696542487, 7460005.288521152921021 ], [ 733749.166122286347672, 7460010.545581295154989 ], [ 733762.834470012690872, 7460026.316765025258064 ], [ 733774.049604305997491, 7460044.190876640379429 ], [ 733796.129306135349907, 7460065.219137581065297 ], [ 733803.138831814751029, 7460074.331451918929815 ], [ 733808.395794371142983, 7460087.298894628882408 ], [ 733815.054829647182487, 7460094.308367032557726 ], [ 733824.868011976126581, 7460093.60737163759768 ], [ 733830.475596262956969, 7460091.50452228076756 ], [ 733833.980250933789648, 7460086.597952982410789 ], [ 733847.999222107580863, 7460071.878203393891454 ], [ 733862.368496866198257, 7460067.672465285286307 ], [ 733878.972115873242728, 7460065.219228759407997 ], [ 733902.103344592032954, 7460056.807921163737774 ], [ 733928.038203020929359, 7460043.490013166330755 ], [ 733935.398049669223838, 7460035.779544033110142 ], [ 733948.716095310403034, 7460029.471020794473588 ], [ 733972.898578487569466, 7460011.947512647137046 ], [ 734005.492539482191205, 7459982.507794674485922 ], [ 734020.431373966042884, 7459972.957522120326757 ], [ 734031.997040356509387, 7459970.50418659299612 ], [ 734040.057798619149253, 7459964.195633802562952 ], [ 734052.32427222863771, 7459963.845211908221245 ], [ 734064.24043873581104, 7459951.929147744551301 ], [ 734063.189020911464468, 7459949.125399067997932 ], [ 734075.805937445024028, 7459944.569226605817676 ], [ 734078.960195708787069, 7459949.475821910426021 ], [ 734112.517921540071256, 7459940.582555742934346 ], [ 734126.142449768376537, 7459926.914137392304838 ], [ 734131.750038324971683, 7459921.657046502456069 ], [ 734139.460352753172629, 7459918.152373531833291 ], [ 734146.119448514422402, 7459912.19436951726675 ], [ 734169.951456088689156, 7459902.731640106067061 ], [ 734176.259979851776734, 7459900.278295485302806 ], [ 734183.619851803057827, 7459900.979223133996129 ], [ 734188.876979527296498, 7459899.577423831447959 ], [ 734193.082601510453969, 7459896.423144567757845 ], [ 734197.989232645719312, 7459894.670722423121333 ], [ 734211.307246422045864, 7459892.918411408551037 ], [ 734214.811859722132795, 7459891.166077647358179 ], [ 734214.461433164542541, 7459887.310916354879737 ], [ 734217.966132369125262, 7459885.208048652857542 ], [ 734223.573726850794628, 7459886.259491947479546 ], [ 734230.232701433706097, 7459883.455679154023528 ], [ 734236.190701172570698, 7459885.208047974854708 ], [ 734247.405790504533798, 7459884.857530892826617 ], [ 734251.260950996773317, 7459882.404320975765586 ], [ 734257.219038374489173, 7459881.352869242429733 ], [ 734264.578867327654734, 7459883.455663168802857 ], [ 734285.607197104953229, 7459884.156582536175847 ], [ 734289.111857436946593, 7459881.352855681441724 ], [ 734301.378485327004455, 7459881.002332248724997 ], [ 734331.519072471070103, 7459884.156586484983563 ], [ 734338.528492884943262, 7459885.208106859587133 ], [ 734345.53792910638731, 7459884.507074662484229 ], [ 734383.739369917311706, 7459888.011818693950772 ], [ 734447.437658870825544, 7459898.525971339084208 ], [ 734494.970382102066651, 7459907.682109160348773 ], [ 734537.727966394624673, 7459917.495228085666895 ], [ 734560.508678447455168, 7459922.752428876236081 ], [ 734590.649280165787786, 7459943.780680816620588 ], [ 734602.214767686906271, 7459967.963164947926998 ], [ 734604.668105120770633, 7459981.631716636940837 ], [ 734612.597580338595435, 7459980.5802096221596 ], [ 734611.195672566420399, 7459971.467931529507041 ], [ 734617.153713138075545, 7459963.056595159694552 ], [ 734621.709845131495968, 7459962.706195786595345 ], [ 734626.966890608891845, 7459969.365053538233042 ], [ 734624.163077097851783, 7459971.467955842614174 ], [ 734624.513586321147159, 7459974.972695058211684 ], [ 734628.018335799570195, 7459977.075454610399902 ], [ 734641.68666325637605, 7459971.818406810984015 ], [ 734648.345706382999197, 7459962.706145919859409 ], [ 734667.533984006382525, 7459950.483457656577229 ], [ 734701.529830146231689, 7459954.689109562896192 ], [ 734716.950619237148203, 7459963.450913676060736 ], [ 734733.42277286585886, 7459979.222149323672056 ], [ 734738.89893558784388, 7459994.292451968416572 ], [ 734748.011226776055992, 7459999.199108675122261 ], [ 734764.132927922066301, 7459996.745741654187441 ], [ 734796.376339867478237, 7459984.128778694197536 ], [ 734820.909345410065725, 7459965.553827775642276 ], [ 734857.708915629889816, 7459924.198056381195784 ], [ 734897.925627545686439, 7459883.411823766306043 ], [ 734910.542474485002458, 7459883.06132286041975 ], [ 734933.323201895924285, 7459873.949090998619795 ], [ 734945.502130641951226, 7459875.701503030955791 ], [ 734987.55882882908918, 7459865.537801000289619 ], [ 735020.853571629384533, 7459859.579770950600505 ], [ 735033.821096478612162, 7459858.177850926294923 ], [ 735040.129592891549692, 7459860.981690982356668 ], [ 735048.540909423492849, 7459860.981668850407004 ], [ 735056.251340948510915, 7459857.476943568326533 ], [ 735087.092833632836118, 7459849.766613798215985 ], [ 735103.214472171035595, 7459852.57042714394629 ], [ 735106.018272537505254, 7459850.117003568448126 ], [ 735116.532437581685372, 7459851.869348168373108 ], [ 735123.892376815667376, 7459849.416121493093669 ], [ 735129.850364450365305, 7459848.715185476467013 ], [ 735147.374029283993877, 7459857.476962553337216 ], [ 735158.107159724109806, 7459860.280674198642373 ], [ 735168.971769378171302, 7459858.528374724090099 ], [ 735178.785004875040613, 7459862.383528605103493 ], [ 735182.990749812219292, 7459859.229281484149396 ], [ 735208.575078612542711, 7459859.930317558348179 ], [ 735212.780844173394144, 7459863.785523924045265 ], [ 735239.416655627312139, 7459863.785521746613085 ], [ 735273.062036236631684, 7459867.991037988103926 ], [ 735327.341314679477364, 7459881.309069226495922 ], [ 735351.699130415217951, 7459879.994740689173341 ], [ 735362.563841032912023, 7459887.004219831898808 ], [ 735375.531166155124083, 7459889.807978845201433 ], [ 735389.506340833613649, 7459897.868834087625146 ] ] ] ] } },
{ "type": "Feature", "properties": { "objectid": 56.0, "distrito": "1º Distrito Sede (Centro)", "cod_bairro": 10.0, "bairro": "BARRA DE MARICÁ", "cd_distrit": "1", "nome_pop": "SEDE", "Shape__Are": 0.000180667441133, "Shape__Len": 0.101627947297559, "created_us": null, "created_da": null, "last_edite": null, "last_edi_1": null }, "geometry": { "type": "MultiPolygon", "coordinates": [ [ [ [ 722705.400158694246784, 7459026.86367525998503 ], [ 722716.785744024906307, 7459539.662219302728772 ], [ 722697.80782702146098, 7459542.712124231271446 ], [ 722654.124682324123569, 7459551.286075080744922 ], [ 722586.075408935779706, 7459569.450627705082297 ], [ 722542.426320033497177, 7459584.124557342380285 ], [ 722533.479621287202463, 7459612.591523818671703 ], [ 722535.445115329232067, 7459683.860252518206835 ], [ 722549.238001037156209, 7459784.612442601472139 ], [ 722557.371368783758953, 7459861.47295118495822 ], [ 722568.48702397220768, 7459909.188739061355591 ], [ 722600.990030538174324, 7459949.970073667354882 ], [ 722605.759983604773879, 7459960.31011688709259 ], [ 722659.190031444304623, 7459987.11003633774817 ], [ 722799.909984372090548, 7460067.560067666694522 ], [ 722886.880032291286625, 7460107.590020977891982 ], [ 722973.960015921271406, 7460147.950115133076906 ], [ 722990.846471954137087, 7460165.000445209443569 ], [ 723032.517228699405678, 7460235.678377164527774 ], [ 723082.598667896585539, 7460304.73134926147759 ], [ 723139.51366489729844, 7460386.113706976175308 ], [ 723177.743769120890647, 7460435.430456651374698 ], [ 723208.710111962165684, 7460421.285398448817432 ], [ 723180.419904931331985, 7460381.908425059169531 ], [ 723167.421702163061127, 7460370.05712519120425 ], [ 723141.425207391497679, 7460342.674742627888918 ], [ 723110.45879219379276, 7460291.064195150509477 ], [ 723077.963258868432604, 7460231.616354133933783 ], [ 723059.995066353934817, 7460187.269502822309732 ], [ 723047.520035669091158, 7460141.100042036734521 ], [ 723043.173924649367109, 7460108.706649694591761 ], [ 723041.262372280471027, 7460065.124380975030363 ], [ 723043.173857221379876, 7460026.89427787810564 ], [ 723054.595055067562498, 7459981.639360575005412 ], [ 723069.122583415359259, 7459943.791635550558567 ], [ 723095.835776035208255, 7459917.890788244083524 ], [ 723131.772122645284981, 7459868.956325687468052 ], [ 723147.446423060027882, 7459843.342032039538026 ], [ 723169.954366783145815, 7459848.407584635540843 ], [ 723199.009324442362413, 7459834.262502282857895 ], [ 723216.595136768184602, 7459807.119053972885013 ], [ 723248.708352870540693, 7459767.359736047685146 ], [ 723250.237612291704863, 7459759.331471024081111 ], [ 723282.542012052377686, 7459757.945675831288099 ], [ 723310.449986452003941, 7459744.182822279632092 ], [ 723313.890739896800369, 7459737.30134323425591 ], [ 723306.244642656296492, 7459724.68552636820823 ], [ 723325.359709694283083, 7459701.365054967813194 ], [ 723371.618060258682817, 7459674.221748931333423 ], [ 723437.756051564589143, 7459655.8712736684829 ], [ 723509.485256081447005, 7459634.462494810111821 ], [ 723523.248152176849544, 7459623.758125698193908 ], [ 723534.334863007883541, 7459614.965212950482965 ], [ 723566.830479865311645, 7459628.345641006715596 ], [ 723662.023423254722729, 7459640.197000049054623 ], [ 723671.867621491081081, 7459645.883631692267954 ], [ 723710.479983828146942, 7459651.618260155431926 ], [ 723727.301158798160031, 7459648.942101151682436 ], [ 723785.793288211338222, 7459669.968705677427351 ], [ 723796.879949738737196, 7459677.996958080679178 ], [ 723840.318862748215906, 7459687.841236710548401 ], [ 723914.867582250270061, 7459687.459025459364057 ], [ 723947.363123836694285, 7459691.664328388869762 ], [ 723943.540132094523869, 7459705.04481353983283 ], [ 723955.009194531012326, 7459714.219937574118376 ], [ 723992.092318802373484, 7459698.545676200650632 ], [ 724019.140088001498953, 7459695.869578579440713 ], [ 724067.309980335412547, 7459715.749178446829319 ], [ 724085.278226922731847, 7459717.660676623694599 ], [ 724080.3083194445353, 7459732.952728090807796 ], [ 724110.510007818229496, 7459753.214622486382723 ], [ 724120.784374266164377, 7459746.237623693421483 ], [ 724154.044469087268226, 7459767.264266166836023 ], [ 724223.240977063891478, 7459802.053525198251009 ], [ 724265.963128234841861, 7459825.947372696362436 ], [ 724291.959606914781034, 7459843.533317539840937 ], [ 724318.720584647380747, 7459867.235862093046308 ], [ 724338.217989537050016, 7459908.524391460232437 ], [ 724353.12773567752447, 7459953.492477392777801 ], [ 724353.127703098347411, 7460025.365023899823427 ], [ 724345.09939121210482, 7460082.519058492034674 ], [ 724316.426814006874338, 7460168.680115835741162 ], [ 724305.722365978988819, 7460200.363286597654223 ], [ 724291.95954978861846, 7460238.211049898527563 ], [ 724261.040957195800729, 7460289.29594874382019 ], [ 724235.044519117800519, 7460320.262366015464067 ], [ 724201.019815867533907, 7460358.87476101424545 ], [ 724160.49589736876078, 7460391.609324231743813 ], [ 724136.793252021772787, 7460417.223504701629281 ], [ 724111.943657291354612, 7460435.573914436623454 ], [ 724087.0941417402355, 7460529.476430712267756 ], [ 724095.504706164821982, 7460589.497824195772409 ], [ 724091.681742173968814, 7460645.313688412308693 ], [ 724101.621471556602046, 7460652.195114973932505 ], [ 724105.7790797468042, 7460679.768529284745455 ], [ 724119.924247914575972, 7460735.202157594263554 ], [ 724121.071071381215006, 7460771.138503963127732 ], [ 724124.894139702199027, 7460808.460543630644679 ], [ 724113.042751519824378, 7460906.711908493191004 ], [ 724092.398547227610834, 7460915.122486911714077 ], [ 724090.487036567530595, 7460921.239277134649456 ], [ 724142.432237411965616, 7460930.414446461945772 ], [ 724178.75065534550231, 7460919.327723884955049 ], [ 724226.156008036923595, 7460905.947235688567162 ], [ 724296.117057992029004, 7460881.479976418428123 ], [ 724326.318910064641386, 7460868.864128492772579 ], [ 724365.122361943358555, 7460820.455321053043008 ], [ 724399.529534077970311, 7460784.901230687275529 ], [ 724438.141839604708366, 7460755.464034954085946 ], [ 724471.78434037079569, 7460747.818032970651984 ], [ 724507.338339170557447, 7460752.405724160373211 ], [ 724534.481671495363116, 7460771.138510948047042 ], [ 724551.637398049933836, 7460795.032298270612955 ], [ 724561.959528948180377, 7460830.203908368945122 ], [ 724567.694016548572108, 7460861.170231038704515 ], [ 724561.577230050228536, 7460913.067586239427328 ], [ 724572.663972416543402, 7460953.591442642733455 ], [ 724590.154213214060292, 7460982.598600320518017 ], [ 724632.589629971189424, 7461019.681770168244839 ], [ 724639.088718619546853, 7461019.299483405426145 ], [ 724656.674588083405979, 7461030.386221034452319 ], [ 724674.260361526045017, 7461020.064092985354364 ], [ 724674.642696868279018, 7461012.418093833141029 ], [ 724685.729409454856068, 7461007.448189073242247 ], [ 724690.699291213299148, 7460992.156054416671395 ], [ 724671.584296129876748, 7460991.009218599647284 ], [ 724667.665719124022871, 7460946.13671856559813 ], [ 724671.106420628144406, 7460914.023359309881926 ], [ 724694.42683669552207, 7460867.38272843323648 ], [ 724724.246199135668576, 7460832.593302229419351 ], [ 724759.035634856438264, 7460807.743744923733175 ], [ 724777.768447589594871, 7460787.481742800213397 ], [ 724793.4426629220834, 7460770.278255645185709 ], [ 724846.582499437150545, 7460785.57029277458787 ], [ 724862.130051316926256, 7460824.880065869539976 ], [ 724867.609008635161445, 7460861.552574850618839 ], [ 724871.049823796143755, 7460947.904767725616693 ], [ 724849.258647634880617, 7460972.993256496265531 ], [ 724821.350587815744802, 7461012.370286840945482 ], [ 724792.678143148659728, 7461089.977337008342147 ], [ 724783.120632993406616, 7461103.644576812162995 ], [ 724769.740028584608808, 7461123.906555391848087 ], [ 724793.824978152289987, 7461131.552608918398619 ], [ 724818.674493246944621, 7461130.787956987507641 ], [ 724836.260434882249683, 7461123.141983691602945 ], [ 724865.697486855555326, 7461112.437470711767673 ], [ 724908.802001602482051, 7461077.361423255875707 ], [ 724941.679757162346505, 7461065.127786721102893 ], [ 724981.439099513925612, 7461045.630444267764688 ], [ 725033.049744423944503, 7460998.607437686063349 ], [ 725070.897513710777275, 7460954.165003003552556 ], [ 725104.922259216895327, 7460918.993317998945713 ], [ 725140.476334515376948, 7460876.940138768404722 ], [ 725154.239064494147897, 7460832.019906522706151 ], [ 725170.159979195450433, 7460744.400088168680668 ], [ 725175.26560220378451, 7460704.14016055315733 ], [ 725162.315154320327565, 7460635.087180010974407 ], [ 725156.198438666528091, 7460610.23756293579936 ], [ 725120.262138245278038, 7460570.095970265567303 ], [ 725062.152418451150879, 7460522.690670046024024 ], [ 724947.653277682838961, 7460438.106545969843864 ], [ 724931.214385225088336, 7460421.667640827596188 ], [ 724886.86751911137253, 7460378.850008306093514 ], [ 724849.067484959377907, 7460319.019882283173501 ], [ 724828.423252218752168, 7460281.936802424490452 ], [ 724805.867527283611707, 7460242.273025410249829 ], [ 724755.080049856100231, 7460127.680065681226552 ], [ 724728.120041129877791, 7460067.480099992826581 ], [ 724717.221541482955217, 7460035.448284964077175 ], [ 724696.577161667868495, 7459999.129690883681178 ], [ 724684.725867572124116, 7459969.310185885056853 ], [ 724674.620015434338711, 7459926.710032067261636 ], [ 724667.960050285095349, 7459906.640056120231748 ], [ 724664.894044765271246, 7459880.090741051360965 ], [ 724659.92407829395961, 7459857.15269747376442 ], [ 724649.219751444761641, 7459836.508514197543263 ], [ 724634.309998822864145, 7459808.600496018305421 ], [ 724627.800024105701596, 7459779.290068807080388 ], [ 724614.479998081340455, 7459732.300095045939088 ], [ 724589.293963507981971, 7459652.191633600741625 ], [ 724575.148915554163978, 7459621.989872803911567 ], [ 724553.357751417672262, 7459595.228892333805561 ], [ 724542.653337383875623, 7459591.788194317370653 ], [ 724527.361255241674371, 7459591.788178959861398 ], [ 724496.01262683304958, 7459569.232319676317275 ], [ 724425.048016122775152, 7459538.839437094517052 ], [ 724371.525900627719238, 7459505.579289821907878 ], [ 724342.85339890094474, 7459496.404072552919388 ], [ 724313.798523751203902, 7459491.816484278067946 ], [ 724298.124194197240286, 7459472.701492618769407 ], [ 724268.304731617099606, 7459445.558062752708793 ], [ 724251.865766033180989, 7459426.825427126139402 ], [ 724228.593187264050357, 7459415.595243291929364 ], [ 724206.037520785001107, 7459409.860789216123521 ], [ 724191.50998842145782, 7459401.832345253787935 ], [ 724179.130005805869587, 7459377.200077656656504 ], [ 724168.954333715606481, 7459365.179314468055964 ], [ 724161.308260018238798, 7459334.977520964108407 ], [ 724163.219803272280842, 7459297.51211228966713 ], [ 724167.819027326535434, 7459278.054760245606303 ], [ 724169.24725104845129, 7459101.073312271386385 ], [ 724039.995249780709855, 7459098.04074976220727 ], [ 723806.671113364049233, 7459092.399298198521137 ], [ 723721.864949702750891, 7459091.418156603351235 ], [ 723329.966323463013396, 7459057.845119452103972 ], [ 723217.106151575222611, 7459054.41132727637887 ], [ 723033.78886498475913, 7459048.769801929593086 ], [ 722845.841812161263078, 7459035.769854480400681 ], [ 722740.432074525393546, 7459028.411512488499284 ], [ 722705.400158694246784, 7459026.86367525998503 ] ] ] ] } },
{ "type": "Feature", "properties": { "objectid": 58.0, "distrito": "1º Distrito Sede (Centro)", "cod_bairro": 12.0, "bairro": "RESTINGA DE MARICÁ", "cd_distrit": "1", "nome_pop": "SEDE", "Shape__Are": 0.00067881682016499999, "Shape__Len": 0.22144086220273199, "created_us": null, "created_da": null, "last_edite": null, "last_edi_1": null }, "geometry": { "type": "MultiPolygon", "coordinates": [ [ [ [ 717059.392515684710816, 7459638.525629051961005 ], [ 717080.197302988031879, 7459638.29221623018384 ], [ 717128.408289412851445, 7459642.293031652458012 ], [ 717191.622861830284819, 7459632.157454424537718 ], [ 717235.766321725212038, 7459609.818987421691418 ], [ 717413.873921272810549, 7459607.951855523511767 ], [ 717470.320157542824745, 7459600.483480582013726 ], [ 717504.19460129365325, 7459611.952739153057337 ], [ 717521.798672478180379, 7459608.218593256548047 ], [ 717553.472584855509922, 7459577.844985438510776 ], [ 717561.741165340878069, 7459577.845014825463295 ], [ 717575.544350329204462, 7459585.346631361171603 ], [ 717590.74775455892086, 7459574.9442950617522 ], [ 717602.217127355397679, 7459573.877351634204388 ], [ 717611.552626351127401, 7459565.875572511926293 ], [ 717633.957797460374422, 7459548.271582528948784 ], [ 717638.492050281842239, 7459546.67112366296351 ], [ 717642.493097621249035, 7459550.138597683981061 ], [ 717648.361090471851639, 7459546.937864670529962 ], [ 717657.163135901791975, 7459538.13588004745543 ], [ 717666.498614895390347, 7459536.535447521135211 ], [ 717676.634149727993645, 7459529.600564789026976 ], [ 717681.968753696186468, 7459529.333887549117208 ], [ 717693.971487499540672, 7459529.867286333814263 ], [ 717715.476531066698954, 7459517.96461346745491 ], [ 717722.14472403738182, 7459520.365052383393049 ], [ 717746.150221538962796, 7459502.761103481054306 ], [ 717768.021890658885241, 7459493.692334015853703 ], [ 717782.158455924130976, 7459492.091937555000186 ], [ 717788.293163571273908, 7459486.490655645728111 ], [ 717793.89454915036913, 7459485.690459145233035 ], [ 717808.297815511352383, 7459490.491558058187366 ], [ 717819.767064381740056, 7459489.158027900382876 ], [ 717829.102596340933815, 7459486.223972075618804 ], [ 717852.841394749470055, 7459496.092847881838679 ], [ 717857.642452988773584, 7459495.826185077428818 ], [ 717867.51139215787407, 7459492.358644128777087 ], [ 717892.317097303923219, 7459491.291751833632588 ], [ 717901.652606754098088, 7459495.826147930696607 ], [ 717915.405740454792976, 7459485.582140626385808 ], [ 717963.333349855616689, 7459485.582148593850434 ], [ 717980.003914571017958, 7459490.58322068490088 ], [ 717998.341425843536854, 7459486.832333954051137 ], [ 718017.095728463144042, 7459493.500607210211456 ], [ 718063.773068599984981, 7459488.916224902495742 ], [ 718080.026783850742504, 7459491.000076021067798 ], [ 718097.947602307191119, 7459486.832382006570697 ], [ 718178.382772037526593, 7459493.917377116158605 ], [ 718210.056738867424428, 7459499.752114805392921 ], [ 718252.983178819064051, 7459488.499519992619753 ], [ 718281.739810833474621, 7459493.500611275434494 ], [ 718312.580167660024017, 7459487.666008029133081 ], [ 718358.007317023235373, 7459494.750922592356801 ], [ 718375.094651235616766, 7459487.665953584015369 ], [ 718388.43097295705229, 7459488.499484863132238 ], [ 718406.768452020245604, 7459483.498316709883511 ], [ 718450.580706932931207, 7459478.913969916291535 ], [ 718460.166228154441342, 7459492.250331568531692 ], [ 718479.753974971245043, 7459489.333015768788755 ], [ 718510.594526414526626, 7459478.913969717919827 ], [ 718566.023902217741124, 7459474.329579608514905 ], [ 718593.113372730091214, 7459482.66472668480128 ], [ 718600.198449369287118, 7459484.331822375766933 ], [ 718612.701203518896364, 7459475.163092589005828 ], [ 718651.876854215748608, 7459475.579904476180673 ], [ 718673.549982563825324, 7459503.380091406404972 ], [ 718711.473913122201338, 7459517.672828159295022 ], [ 718779.822912499774247, 7459510.171082247048616 ], [ 718831.501471700612456, 7459508.504022564738989 ], [ 718908.810868229949847, 7459495.167655842378736 ], [ 718951.32074383716099, 7459499.335283469408751 ], [ 719007.16682866087649, 7459482.664803463965654 ], [ 719065.878158018807881, 7459468.078098153695464 ], [ 719136.311023126007058, 7459451.407520171254873 ], [ 719182.884230193332769, 7459434.372513739392161 ], [ 719252.379442154662684, 7459422.286328306421638 ], [ 719351.56879236898385, 7459409.783529399894178 ], [ 719528.484354521846399, 7459379.411868875846267 ], [ 719634.550389205105603, 7459372.32699291408062 ], [ 719846.682529709301889, 7459403.16735899168998 ], [ 719999.634335305076092, 7459421.921669088304043 ], [ 720088.144232830149122, 7459448.542367910966277 ], [ 720119.818113356246613, 7459463.129105294123292 ], [ 720144.407049528323114, 7459485.217435183934867 ], [ 720166.495454241521657, 7459511.473520921543241 ], [ 720208.58847574389074, 7459533.978716351091862 ], [ 720231.510370598407462, 7459550.649153474718332 ], [ 720268.602288752328604, 7459580.239237412810326 ], [ 720276.104022502317093, 7459578.572273509576917 ], [ 720280.271640459890477, 7459558.567709040828049 ], [ 720309.445039312588051, 7459534.812181150540709 ], [ 720345.494940209435299, 7459515.224409924820065 ], [ 720388.838191948947497, 7459493.13597703538835 ], [ 720431.7646961013088, 7459484.384028945118189 ], [ 720452.186145529150963, 7459484.800710072740912 ], [ 720468.023049600305967, 7459491.052139541134238 ], [ 720484.69003455422353, 7459503.33009981084615 ], [ 720501.769979218021035, 7459520.470113724470139 ], [ 720525.067387058050372, 7459550.649161947891116 ], [ 720541.737856019753963, 7459568.570026602596045 ], [ 720552.940003962023184, 7459589.180025219917297 ], [ 720570.442402345128357, 7459600.973200734704733 ], [ 720600.032467043725774, 7459604.307280279695988 ], [ 720625.871838043443859, 7459597.222359649837017 ], [ 720680.884352952707559, 7459573.883627431467175 ], [ 720727.040923071326688, 7459545.127116415649652 ], [ 720774.551789529039524, 7459525.122518283315003 ], [ 720808.726257918518968, 7459507.201702741906047 ], [ 720830.397910111001693, 7459494.282056137919426 ], [ 720887.859023945988156, 7459461.357752658426762 ], [ 720916.198939512250945, 7459450.521998735144734 ], [ 720950.58184794022236, 7459434.424606243148446 ], [ 720993.091521059628576, 7459422.338506889529526 ], [ 721021.848115331027657, 7459410.252386291511357 ], [ 721052.688586628763005, 7459399.416529693640769 ], [ 721089.780403853626922, 7459388.163988361135125 ], [ 721162.557498995098285, 7459367.742522005923092 ], [ 721238.824959680554457, 7459362.324679087847471 ], [ 721315.352998507092707, 7459344.091233927756548 ], [ 721387.452889162348583, 7459327.837533719837666 ], [ 721460.319776330492459, 7459325.674258727580309 ], [ 721458.189369859057479, 7458931.54790136963129 ], [ 721379.169850119389594, 7458929.673262938857079 ], [ 721297.067580723203719, 7458921.337983472272754 ], [ 721201.212190485792235, 7458908.00161219201982 ], [ 721048.52087082574144, 7458894.35268135741353 ], [ 720693.647824700921774, 7458874.348106263205409 ], [ 720496.935951455379836, 7458859.34460231103003 ], [ 720110.128363730967976, 7458852.259642789140344 ], [ 719744.575702882721089, 7458833.609470186755061 ], [ 719635.38403981376905, 7458821.106661939062178 ], [ 719503.687128690071404, 7458800.268604998476803 ], [ 719224.35210879216902, 7458796.100852221250534 ], [ 718911.155184708302841, 7458758.279685528948903 ], [ 718736.21918185101822, 7458753.278600986115634 ], [ 718479.753987683681771, 7458738.27520976215601 ], [ 718249.857492923154496, 7458716.186667766422033 ], [ 718032.880635734996758, 7458699.568255385383964 ], [ 717825.906002651201561, 7458679.146936897188425 ], [ 717598.51005286979489, 7458643.774316658265889 ], [ 717405.809510712744668, 7458621.321120236068964 ], [ 717224.569969191681594, 7458597.98246531188488 ], [ 716996.757253317395225, 7458544.741100631654263 ], [ 716795.252716552116908, 7458514.421715730801225 ], [ 716478.304923458839767, 7458444.926465529948473 ], [ 716239.239571688114665, 7458396.165419284254313 ], [ 715963.238689873600379, 7458317.970313145779073 ], [ 715802.749964931281283, 7458272.010046791285276 ], [ 715611.751791145186871, 7458231.908830715343356 ], [ 715403.578968296409585, 7458185.283564959652722 ], [ 715240.208105264580809, 7458142.357073444873095 ], [ 715026.252849123673514, 7458070.882321179844439 ], [ 714963.448786499677226, 7458051.406014167703688 ], [ 714964.878874158253893, 7458306.155759663321078 ], [ 714962.972018687869422, 7458378.14122848957777 ], [ 714964.560451270779595, 7458438.719558155164123 ], [ 714989.448716740938835, 7458523.913797135464847 ], [ 715038.900041213608347, 7459105.780071811750531 ], [ 715063.749986840062775, 7459215.53002923540771 ], [ 715061.800050559686497, 7459531.380023237317801 ], [ 715094.560024085338227, 7459591.280100172385573 ], [ 715560.169985320884734, 7459926.910060295835137 ], [ 715849.089958591852337, 7460008.510106346569955 ], [ 716206.560001650126651, 7460420.34011953510344 ], [ 716261.230017190915532, 7460769.490027856081724 ], [ 716310.059967461274937, 7460869.260108203627169 ], [ 716348.128295664326288, 7460891.542639575898647 ], [ 716420.840910925064236, 7460982.765662645921111 ], [ 716490.233657996286638, 7461054.915777708403766 ], [ 716520.506865567294881, 7461092.886524790897965 ], [ 716567.381484360201284, 7461154.466993460431695 ], [ 716597.195193035528064, 7461195.252471065148711 ], [ 716694.046429362846538, 7461506.026561276987195 ], [ 716705.994878949364647, 7461545.548344634473324 ], [ 716722.99838037462905, 7461569.445323821157217 ], [ 716752.409858728642575, 7461590.584740102291107 ], [ 716810.773407998378389, 7461601.154586717486382 ], [ 716984.485293631907552, 7461616.779346227645874 ], [ 717049.282546952366829, 7461611.264744220301509 ], [ 717089.723415737738833, 7461595.180291892960668 ], [ 717117.296696110628545, 7461572.662020730786026 ], [ 717145.042416750220582, 7461537.333744870498776 ], [ 717171.237011243938468, 7461503.326819833368063 ], [ 717186.861941859940998, 7461469.836655903607607 ], [ 717210.758690822869539, 7461413.770915017463267 ], [ 717252.578335149446502, 7461328.293682096526027 ], [ 717233.899248068220913, 7461324.579345228150487 ], [ 717202.725437516346574, 7461308.075599962845445 ], [ 717178.719948346843012, 7461281.402783112600446 ], [ 717151.513653850881383, 7461262.465072392486036 ], [ 717142.478240201249719, 7461255.563538536429405 ], [ 717135.529970104806125, 7461247.640038636513054 ], [ 717115.271993949892931, 7461220.655461421236396 ], [ 717101.350008474430069, 7461196.510103577747941 ], [ 717084.34004351682961, 7461162.310109877027571 ], [ 717071.02847887086682, 7461139.936974336393178 ], [ 717045.956109356833622, 7461093.192885028198361 ], [ 717028.885486133862287, 7461063.319369670003653 ], [ 717013.148565478273667, 7461028.911442553624511 ], [ 716991.610322586260736, 7460976.232789561152458 ], [ 716978.540551935206167, 7460950.626914991997182 ], [ 716968.671672499505803, 7460927.154753579758108 ], [ 716955.335345651837997, 7460893.913892821408808 ], [ 716942.265562467044219, 7460840.86829281412065 ], [ 716923.628019172465429, 7460789.256433840841055 ], [ 716907.090905914199539, 7460734.343906097114086 ], [ 716893.487695880583487, 7460682.965372036211193 ], [ 716875.383609885233454, 7460615.849947749637067 ], [ 716862.380016741226427, 7460546.390072043053806 ], [ 716847.110375488526188, 7460409.736010540276766 ], [ 716845.340016946662217, 7460324.530120454728603 ], [ 716848.444071402074769, 7460243.297754401341081 ], [ 716857.512805117759854, 7460161.845770131796598 ], [ 716868.181901685660705, 7460086.195035494863987 ], [ 716873.249840092263184, 7460052.587265651673079 ], [ 716890.587055792799219, 7459982.571270979009569 ], [ 716908.724559450754896, 7459926.925173873081803 ], [ 716921.52745328634046, 7459905.953689527697861 ], [ 716940.731920856051147, 7459849.674031832255423 ], [ 716958.302602762589231, 7459804.730330124497414 ], [ 716978.307189015904441, 7459758.319750267080963 ], [ 716998.311787462327629, 7459721.377958040684462 ], [ 717016.98280893615447, 7459684.836197068914771 ], [ 717045.78937634488102, 7459644.660301385447383 ], [ 717059.392515684710816, 7459638.525629051961005 ] ] ], [ [ [ 713714.433770519914106, 7454053.640623872168362 ], [ 713717.83021943399217, 7454051.817695703357458 ], [ 713723.247035038424656, 7454052.102502442896366 ], [ 713726.146674721734598, 7454052.254867046140134 ], [ 713729.370081354281865, 7454052.424223992973566 ], [ 713733.235082169761881, 7454056.922230010852218 ], [ 713745.441403202712536, 7454068.135355142876506 ], [ 713756.443287248024717, 7454081.28809089306742 ], [ 713760.585111915250309, 7454083.743141986429691 ], [ 713766.078784003620967, 7454084.995887603610754 ], [ 713769.653883491875604, 7454084.391572661697865 ], [ 713780.260261528426781, 7454081.096946558915079 ], [ 713783.235583348199725, 7454078.540695611387491 ], [ 713788.442450504866429, 7454077.813228799030185 ], [ 713791.527499556425028, 7454077.382377479225397 ], [ 713800.666159345535561, 7454081.693741479888558 ], [ 713808.019112467649393, 7454088.539435205981135 ], [ 713821.183598826522939, 7454099.738975218497217 ], [ 713835.350421492010355, 7454104.417391488328576 ], [ 713846.040798733243719, 7454105.30023611523211 ], [ 713854.619198429514654, 7454102.072541333734989 ], [ 713861.512456188444048, 7454096.466269919648767 ], [ 713864.701051770476624, 7454089.063387738540769 ], [ 713870.358981671277434, 7454082.623851338401437 ], [ 713874.324434430338442, 7454080.17422329261899 ], [ 713881.239650190691464, 7454075.902118436992168 ], [ 713889.138829470262863, 7454073.110110649839044 ], [ 713897.401961702154949, 7454066.871509372256696 ], [ 713901.224780742544681, 7454065.063512085005641 ], [ 713904.487406340427697, 7454054.573631595820189 ], [ 713902.419598931795917, 7454002.508778356015682 ], [ 713888.212677560513839, 7453962.080465127713978 ], [ 713843.121687144972384, 7453901.85087123233825 ], [ 713814.079971670289524, 7453867.888151858001947 ], [ 713747.286691330140457, 7453818.596720731817186 ], [ 713720.290182551369071, 7453807.266130715608597 ], [ 713651.439033565111458, 7453784.931108418852091 ], [ 713623.169497954426333, 7453767.335839422419667 ], [ 713595.194205968058668, 7453740.188216295093298 ], [ 713577.443998898845166, 7453694.967306380160153 ], [ 713569.512857969501056, 7453653.652276959270239 ], [ 713550.826493653468788, 7453601.913016313686967 ], [ 713505.107222973485477, 7453542.625034190714359 ], [ 713438.128490324597806, 7453480.11360546387732 ], [ 713404.934513745363802, 7453440.920616371557117 ], [ 713385.093322171014734, 7453422.692402033135295 ], [ 713349.112352856784128, 7453417.033578986302018 ], [ 713300.444506638799794, 7453379.823131441138685 ], [ 713295.393121881177649, 7453373.189014754258096 ], [ 713297.436357911908999, 7453366.459084330126643 ], [ 713302.345011583529413, 7453365.696122832596302 ], [ 713318.991465400438756, 7453378.168182435445487 ], [ 713331.651030104723759, 7453380.992136631160975 ], [ 713337.09609266242478, 7453372.827530402690172 ], [ 713337.626031443127431, 7453364.963731089606881 ], [ 713247.340223765000701, 7453173.879625173285604 ], [ 713196.7313822300639, 7453111.245005687698722 ], [ 713140.00434062932618, 7453066.60118823684752 ], [ 713089.845888837240636, 7453035.636597516946495 ], [ 713055.588502478902228, 7453047.140824450179935 ], [ 713019.055488491663709, 7453077.958886547014117 ], [ 712999.956347583211027, 7453079.607043386436999 ], [ 712985.740504916291684, 7453066.0363286184147 ], [ 712957.230753711657599, 7453033.386891718022525 ], [ 712921.132290501846001, 7453004.976675087586045 ], [ 712904.594092751620337, 7452992.789494810625911 ], [ 712895.401117315515876, 7452989.736597824841738 ], [ 712887.778503412846476, 7452990.300098476931453 ], [ 712866.20834373193793, 7452997.492218815721571 ], [ 712854.971420170506462, 7453014.178581503219903 ], [ 712855.342415535007603, 7453040.341024108231068 ], [ 712872.251425076508895, 7453071.040605215355754 ], [ 712890.771631406038068, 7453111.455495659261942 ], [ 712936.080324455862865, 7453249.915078401565552 ], [ 712957.650413100258447, 7453267.998880823142827 ], [ 712999.078004482667893, 7453377.105461152270436 ], [ 713047.586940576788038, 7453471.447444105520844 ], [ 713101.980828861938789, 7453531.274494048207998 ], [ 713124.216272741439752, 7453570.899034659378231 ], [ 713154.469938400899991, 7453589.930523790419102 ], [ 713197.124288187478669, 7453587.768318671733141 ], [ 713239.304397457744926, 7453595.432777145877481 ], [ 713273.836810728651471, 7453603.205756849609315 ], [ 713306.107007868587971, 7453626.668828644789755 ], [ 713326.394919191254303, 7453641.419840527698398 ], [ 713358.549495046259835, 7453643.319767258130014 ], [ 713376.519804839859717, 7453657.09262279048562 ], [ 713394.162274794536643, 7453701.056524795480072 ], [ 713399.022147212643176, 7453710.229941053315997 ], [ 713424.253690951387398, 7453740.305085560306907 ], [ 713428.151386702200398, 7453757.020108150318265 ], [ 713427.597978070843965, 7453762.481679884716868 ], [ 713424.213974299607798, 7453768.762775769457221 ], [ 713418.463895025663078, 7453768.065324860624969 ], [ 713409.991882761241868, 7453766.958590826019645 ], [ 713403.58314433391206, 7453768.9496601363644 ], [ 713398.330163476755843, 7453772.305423146113753 ], [ 713396.157151002669707, 7453777.756113550625741 ], [ 713405.529744109488092, 7453809.299657760187984 ], [ 713435.570924516301602, 7453859.830973520874977 ], [ 713507.891288171405904, 7453924.91097591817379 ], [ 713657.613075377419591, 7454053.620560988783836 ], [ 713719.502916945959441, 7454102.321021884679794 ], [ 713733.761420044000261, 7454111.181588964536786 ], [ 713738.955557605135255, 7454112.592140316963196 ], [ 713744.849423652980477, 7454113.099785266444087 ], [ 713749.620619843481109, 7454111.56002832390368 ], [ 713750.679849691106938, 7454109.171850260347128 ], [ 713750.776837925193831, 7454106.360809480771422 ], [ 713749.351333739003167, 7454102.388266542926431 ], [ 713739.309623783803545, 7454089.369631161913276 ], [ 713729.722726173466071, 7454079.450164487585425 ], [ 713725.715571455890313, 7454076.845416957512498 ], [ 713718.939696332789026, 7454072.061720853671432 ], [ 713715.73070970014669, 7454067.818791802972555 ], [ 713712.530243741348386, 7454064.167271609418094 ], [ 713711.365763297886588, 7454059.303826334886253 ], [ 713714.433770519914106, 7454053.640623872168362 ] ] ], [ [ [ 712631.047753738239408, 7452672.349460955709219 ], [ 712637.82455057092011, 7452667.555565416812897 ], [ 712639.877068513538688, 7452660.203393599018455 ], [ 712637.61697728256695, 7452652.912213411182165 ], [ 712632.546816820278764, 7452642.997974655590951 ], [ 712631.248602974112146, 7452638.356148421764374 ], [ 712627.7421740507707, 7452630.08411767706275 ], [ 712624.212171693216078, 7452620.147945590317249 ], [ 712623.217296411981806, 7452615.168948562815785 ], [ 712621.559173595858738, 7452606.87073084153235 ], [ 712620.232675063074566, 7452600.232067974284291 ], [ 712618.560512199532241, 7452590.935430586338043 ], [ 712615.366758737945929, 7452582.991730351001024 ], [ 712613.765323547297157, 7452578.687182623893023 ], [ 712579.319157255580649, 7452539.563624700531363 ], [ 712573.32963610754814, 7452529.995156568475068 ], [ 712566.728638209169731, 7452520.768220575526357 ], [ 712559.17061264696531, 7452509.22483944427222 ], [ 712548.816502358997241, 7452496.056694112718105 ], [ 712536.259152378770523, 7452479.591020132414997 ], [ 712529.373717293492518, 7452472.032463058829308 ], [ 712521.208973558037542, 7452461.163404904305935 ], [ 712518.001258616452105, 7452452.221380611881614 ], [ 712515.134582521626726, 7452445.604524049907923 ], [ 712511.665957164601423, 7452439.994920184835792 ], [ 712508.192722315667197, 7452434.052397586405277 ], [ 712504.140998448478058, 7452430.781047333031893 ], [ 712497.932956474367529, 7452427.540230591781437 ], [ 712490.16123084386345, 7452422.657300942577422 ], [ 712478.422615770599805, 7452420.493405923247337 ], [ 712467.92561075638514, 7452418.977667949162424 ], [ 712452.485746762831695, 7452416.533284217119217 ], [ 712441.367946645477787, 7452414.693444543518126 ], [ 712434.240503957262263, 7452411.798602255992591 ], [ 712428.023063289467245, 7452407.892036017030478 ], [ 712417.133235185756348, 7452400.390231026336551 ], [ 712400.296354967402294, 7452386.315146759152412 ], [ 712390.890150884515606, 7452374.797745915129781 ], [ 712375.86872069502715, 7452358.366836626082659 ], [ 712362.236725585069507, 7452331.264446664601564 ], [ 712358.631598417530768, 7452316.00344730168581 ], [ 712356.921832085354254, 7452304.04434865526855 ], [ 712354.984090755926445, 7452297.747306587174535 ], [ 712349.060735641978681, 7452292.838045295327902 ], [ 712341.895694211125374, 7452287.280719043686986 ], [ 712331.086050141952001, 7452285.43633620813489 ], [ 712324.304405936971307, 7452285.199423699639738 ], [ 712313.266776354750618, 7452289.017194159328938 ], [ 712303.167395507916808, 7452293.820298246107996 ], [ 712294.27182499691844, 7452296.609019612893462 ], [ 712285.660756382858381, 7452297.729570906609297 ], [ 712271.761377531453036, 7452295.263222120702267 ], [ 712262.245111530064605, 7452297.727832153439522 ], [ 712257.401063226629049, 7452303.788052040152252 ], [ 712259.395255847834051, 7452314.078881291672587 ], [ 712265.408236133516766, 7452325.311368778347969 ], [ 712293.000682501471601, 7452359.206541100516915 ], [ 712297.478089986136183, 7452370.793725964613259 ], [ 712295.926546858623624, 7452391.786515478976071 ], [ 712298.200462609762326, 7452400.076040641404688 ], [ 712302.48748993431218, 7452403.452559180557728 ], [ 712329.583936603390612, 7452440.575086133554578 ], [ 712347.709492243127897, 7452458.626369960606098 ], [ 712353.129941289778799, 7452471.531688541173935 ], [ 712370.557383467559703, 7452505.570700578391552 ], [ 712387.472522864001803, 7452546.940029438585043 ], [ 712397.314038385637105, 7452567.438721721060574 ], [ 712405.796102457097732, 7452578.969096371904016 ], [ 712418.903623287333176, 7452590.766871123574674 ], [ 712438.778826513094828, 7452601.803204603493214 ], [ 712469.548662290908396, 7452620.673997247591615 ], [ 712481.381768914405257, 7452629.494025329127908 ], [ 712493.944423539564013, 7452632.550504324026406 ], [ 712500.10673383413814, 7452624.568689298816025 ], [ 712508.263749733567238, 7452613.13552219606936 ], [ 712515.012460910598747, 7452611.042723939754069 ], [ 712521.613683552714065, 7452614.0803536567837 ], [ 712528.667569344164804, 7452617.326359113678336 ], [ 712538.095522510120645, 7452631.020960263907909 ], [ 712551.292753424611874, 7452649.141942439600825 ], [ 712564.732076064916328, 7452662.599380283616483 ], [ 712586.688422341481782, 7452668.279986025765538 ], [ 712604.863316794857383, 7452668.022531122900546 ], [ 712617.867253533680923, 7452672.498530203476548 ], [ 712631.047753738239408, 7452672.349460955709219 ] ] ] ] } },
{ "type": "Feature", "properties": { "objectid": 68.0, "distrito": "1º Distrito Sede (Centro)", "cod_bairro": 11.0, "bairro": "ZACARIAS", "cd_distrit": "1", "nome_pop": "SEDE", "Shape__Are": 7.4057716545999997e-05, "Shape__Len": 0.052751648742609, "created_us": null, "created_da": null, "last_edite": null, "last_edi_1": null }, "geometry": { "type": "MultiPolygon", "coordinates": [ [ [ [ 721458.189369859057479, 7458931.54790136963129 ], [ 721460.319776330492459, 7459325.674258727580309 ], [ 721592.80711512058042, 7459329.057858655229211 ], [ 721698.799727164208889, 7459347.266305534169078 ], [ 721744.857969581382349, 7459355.572337245568633 ], [ 721795.67201956664212, 7459369.383306844159961 ], [ 721852.349047233583406, 7459390.132391730323434 ], [ 721896.648389000678435, 7459412.021424068138003 ], [ 721944.074689637403935, 7459437.298037750646472 ], [ 721987.071140193613246, 7459464.138234738260508 ], [ 722082.607936034328304, 7459548.404736771248281 ], [ 722135.995149721391499, 7459620.749478291720152 ], [ 722160.685443623107858, 7459667.491783833131194 ], [ 722168.763458625180647, 7459698.761828877031803 ], [ 722178.144617218291387, 7459732.898425320163369 ], [ 722212.509081057971343, 7459833.777142884209752 ], [ 722266.45010412321426, 7459870.25895846541971 ], [ 722310.944817895186134, 7459928.988093194551766 ], [ 722392.96382253896445, 7459980.518637288361788 ], [ 722445.080628250492737, 7459984.687951201573014 ], [ 722489.803404700593092, 7459984.916051480919123 ], [ 722534.884542808867991, 7460041.723372224718332 ], [ 722571.073067014571279, 7460079.442999029532075 ], [ 722592.962153143249452, 7460114.29617480840534 ], [ 722628.304002748103812, 7460153.709500329568982 ], [ 722644.199578535975888, 7460181.852616449818015 ], [ 722662.961693571647629, 7460201.396433616057038 ], [ 722666.577266327803954, 7460221.656844072043896 ], [ 722752.048932692967355, 7460243.806553644128144 ], [ 722789.247335885185748, 7460250.58173961378634 ], [ 722836.413104911567643, 7460253.969276880845428 ], [ 722943.187533784890547, 7460259.962825214490294 ], [ 722972.047172477701679, 7460271.851849715225399 ], [ 723022.763515751576051, 7460322.079529648646712 ], [ 723070.711027253069915, 7460350.22269802633673 ], [ 723085.043129643541761, 7460352.307399278506637 ], [ 723091.343815910629928, 7460357.058880984783173 ], [ 723139.51366489729844, 7460386.113706976175308 ], [ 723082.598667896585539, 7460304.73134926147759 ], [ 723032.517228699405678, 7460235.678377164527774 ], [ 722990.846471954137087, 7460165.000445209443569 ], [ 722973.960015921271406, 7460147.950115133076906 ], [ 722886.880032291286625, 7460107.590020977891982 ], [ 722799.909984372090548, 7460067.560067666694522 ], [ 722659.190031444304623, 7459987.11003633774817 ], [ 722605.759983604773879, 7459960.31011688709259 ], [ 722600.990030538174324, 7459949.970073667354882 ], [ 722568.48702397220768, 7459909.188739061355591 ], [ 722557.371368783758953, 7459861.47295118495822 ], [ 722549.238001037156209, 7459784.612442601472139 ], [ 722535.445115329232067, 7459683.860252518206835 ], [ 722533.479621287202463, 7459612.591523818671703 ], [ 722542.426320033497177, 7459584.124557342380285 ], [ 722586.075408935779706, 7459569.450627705082297 ], [ 722654.124682324123569, 7459551.286075080744922 ], [ 722697.80782702146098, 7459542.712124231271446 ], [ 722716.785744024906307, 7459539.662219302728772 ], [ 722705.400158694246784, 7459026.86367525998503 ], [ 722618.392432852648199, 7459019.813107935711741 ], [ 722431.716458709677681, 7459013.698553614318371 ], [ 722241.315203787526116, 7459002.036400351673365 ], [ 722083.997259463998489, 7458990.374141434207559 ], [ 721970.938946214155294, 7458981.303590378724039 ], [ 721793.698092426173389, 7458964.458161228336394 ], [ 721665.45462207426317, 7458952.14819454587996 ], [ 721458.189369859057479, 7458931.54790136963129 ] ] ] ] } },
{ "type": "Feature", "properties": { "objectid": 76.0, "distrito": "2º Distrito de Ponta Negra", "cod_bairro": 25.0, "bairro": "CORDEIRINHO", "cd_distrit": "2", "nome_pop": "PONTA NEGRA", "Shape__Are": 0.00033198299840499999, "Shape__Len": 0.103935005976295, "created_us": null, "created_da": null, "last_edite": null, "last_edi_1": null }, "geometry": { "type": "MultiPolygon", "coordinates": [ [ [ [ 729177.441656203591265, 7459337.712741740047932 ], [ 729175.690010994905606, 7459383.400071674957871 ], [ 729173.970006549847312, 7459413.350075003691018 ], [ 729172.250037570949644, 7459443.310046335682273 ], [ 729171.959978350438178, 7459456.240052442997694 ], [ 729170.029961610212922, 7459486.030063612386584 ], [ 729153.979980464209802, 7459484.970020970329642 ], [ 729137.919951566378586, 7459483.910114426165819 ], [ 729130.110045663430355, 7459483.400069216266274 ], [ 729129.319969795411453, 7459495.370095242746174 ], [ 729128.529994142008945, 7459507.340119403786957 ], [ 729127.740014449693263, 7459519.310032493434846 ], [ 729126.950034088571556, 7459531.280056038871408 ], [ 729126.160051375394687, 7459543.250079268589616 ], [ 729125.359959436813369, 7459555.230115778744221 ], [ 729124.569970320328139, 7459567.200027631595731 ], [ 729123.770025365520269, 7459579.190031744539738 ], [ 729122.969979742309079, 7459591.160095969215035 ], [ 729122.179985239985399, 7459603.130117651075125 ], [ 729121.420001419261098, 7459615.070102989673615 ], [ 729120.630002231220715, 7459627.04012406617403 ], [ 729119.839999005431309, 7459639.010034065693617 ], [ 729119.010026744799688, 7459651.030072346329689 ], [ 729118.209955719532445, 7459663.060068879276514 ], [ 729126.200049855746329, 7459663.600068307481706 ], [ 729142.169982449151576, 7459664.680099960416555 ], [ 729158.129966384265572, 7459665.760044798254967 ], [ 729156.129957551835105, 7459695.690029229037464 ], [ 729143.517865092726424, 7459848.591181978583336 ], [ 729128.362481755437329, 7460131.995831595733762 ], [ 729146.840906182071194, 7460151.011284423992038 ], [ 729183.197659317869693, 7460185.062167964875698 ], [ 729205.009972630767152, 7460199.97003208566457 ], [ 729246.969981193076819, 7460220.040113270282745 ], [ 729270.970027536619455, 7460239.950042795389891 ], [ 729290.979978394811042, 7460239.980055725201964 ], [ 729421.000011491356418, 7460329.950053790584207 ], [ 729452.040037216269411, 7460340.000066051259637 ], [ 729472.969995455816388, 7460340.020043308846653 ], [ 729496.970026684459299, 7460360.030030157417059 ], [ 729516.000039749313146, 7460389.990124072879553 ], [ 729521.020035386551172, 7460409.960081530734897 ], [ 729522.050006690435112, 7460430.000043295323849 ], [ 729510.039965756470338, 7460469.950073193758726 ], [ 729415.990022626472637, 7460560.010112952440977 ], [ 729482.061279500019737, 7460623.720823779702187 ], [ 729559.682373480522074, 7460678.2237189989537 ], [ 729607.839680615114048, 7460692.492472697980702 ], [ 729690.708763027796522, 7460688.925317938439548 ], [ 729774.881156112765893, 7460676.302825617603958 ], [ 729849.723973167012446, 7460648.862822443246841 ], [ 729854.255259320721962, 7460649.20069227181375 ], [ 729860.367900490527973, 7460651.701306406408548 ], [ 729863.702008279855363, 7460655.868972921743989 ], [ 729876.205105375847779, 7460666.42709544673562 ], [ 729883.429058507434092, 7460676.707397451624274 ], [ 729897.87709401070606, 7460692.266750875860453 ], [ 729918.159918324556202, 7460706.436974883079529 ], [ 729943.166132137877867, 7460719.773536244407296 ], [ 729979.378420116612688, 7460737.357037464156747 ], [ 730098.639802124118432, 7460755.158827714622021 ], [ 730343.748264892143197, 7460787.538045840337873 ], [ 730385.182821029680781, 7460801.258036380633712 ], [ 730461.19180002133362, 7460845.470974784344435 ], [ 730504.752865027403459, 7460859.122344275936484 ], [ 730576.371480372617953, 7460843.207216214388609 ], [ 730612.215144109795801, 7460808.769901683554053 ], [ 730638.008754087379202, 7460777.213783865794539 ], [ 730652.551991400658153, 7460754.438421318307519 ], [ 730661.058374302810989, 7460714.101608637720346 ], [ 730693.403410609811544, 7460643.71778067946434 ], [ 730768.520567680941895, 7460544.624724242836237 ], [ 730916.594250441528857, 7460365.166689615696669 ], [ 731067.103019311092794, 7460178.368369959294796 ], [ 731165.235506339347921, 7460051.629554606974125 ], [ 731190.754803512943909, 7460045.318396623246372 ], [ 731228.827926283236593, 7460069.740010680630803 ], [ 731339.617206556606106, 7460150.379510223865509 ], [ 731422.177528859116137, 7460182.141360383480787 ], [ 731690.135013098246418, 7460247.101425462402403 ], [ 731727.379799979971722, 7460215.206714477390051 ], [ 731848.66490804660134, 7460199.017054866999388 ], [ 731913.972281002555974, 7460185.022568016313016 ], [ 732019.479437220143154, 7460185.022538464516401 ], [ 732164.774553455179557, 7460165.265807656571269 ], [ 732262.049718909431249, 7460158.474391330033541 ], [ 732391.841203854884952, 7460152.163122676312923 ], [ 732462.567982660606503, 7460138.443050519563258 ], [ 732518.271384683786891, 7460120.332620257511735 ], [ 732586.494255709229037, 7460110.214043493382633 ], [ 732688.571298131137155, 7460130.79418477229774 ], [ 732734.053297966951504, 7460145.886228138580918 ], [ 732734.327662478899583, 7460167.289457676000893 ], [ 732743.108502992545255, 7460174.972713992930949 ], [ 732783.994152644067071, 7460179.911852855235338 ], [ 732826.972167365835048, 7460180.186220280826092 ], [ 732880.206008018227294, 7460148.63022836856544 ], [ 732915.878085201024078, 7460133.538229467347264 ], [ 732937.727163156145252, 7460129.456452975049615 ], [ 732953.402725278050639, 7460113.411479248665273 ], [ 732998.873130819876678, 7460097.942119956947863 ], [ 733047.156026502838358, 7460072.628903201781213 ], [ 733100.595436810632236, 7460052.003061743453145 ], [ 733165.753860160475597, 7460030.439877171069384 ], [ 733197.161169744795188, 7460029.502383762970567 ], [ 733275.914022613898851, 7460026.689756317064166 ], [ 733288.864961123093963, 7460033.983395982533693 ], [ 733290.42807989474386, 7459935.692726597189903 ], [ 733308.731073550647125, 7459917.928080685436726 ], [ 733308.160007413243875, 7459862.660063669085503 ], [ 733308.150028286036104, 7459839.120121374726295 ], [ 733333.140036626020446, 7459839.160059903748333 ], [ 733333.527481039636768, 7459821.79043192230165 ], [ 733348.190042668138631, 7459821.240028087049723 ], [ 733348.259976312052459, 7459809.090056351386011 ], [ 733348.389978341991082, 7459796.930068925023079 ], [ 733348.699987943982705, 7459785.250100611709058 ], [ 733348.90003429481294, 7459772.850059881806374 ], [ 733340.739581068279222, 7459772.833840925246477 ], [ 733324.639954258454964, 7459772.760071489959955 ], [ 733308.510027593467385, 7459772.770066125318408 ], [ 733308.930001365370117, 7459744.760077998042107 ], [ 733309.010022962349467, 7459729.340078302659094 ], [ 733309.34999351692386, 7459700.690093900077045 ], [ 733325.249979508924298, 7459700.730073729529977 ], [ 733340.78997053031344, 7459700.910111542791128 ], [ 733349.349960806081071, 7459700.970098858699203 ], [ 733349.310010620974936, 7459688.920096244663 ], [ 733349.409976379480213, 7459676.180049059912562 ], [ 733349.519958487246186, 7459663.570021001622081 ], [ 733349.879973540082574, 7459651.000099708326161 ], [ 733350.039998170454055, 7459638.190100712701678 ], [ 733350.199998158263043, 7459626.10010590031743 ], [ 733310.944345562951639, 7459625.560869233682752 ], [ 733312.195663651451468, 7459600.963299758732319 ], [ 733310.682527355384082, 7459571.785213747993112 ], [ 733120.990000793710351, 7459569.970043245702982 ], [ 733004.030017232638784, 7459570.000039453618228 ], [ 732698.960017058299854, 7459559.990085246041417 ], [ 732439.959991513169371, 7459550.030063794925809 ], [ 732158.999968195799738, 7459520.020117086358368 ], [ 731749.030027141678147, 7459480.030110521242023 ], [ 731487.979954124777578, 7459450.040090473368764 ], [ 731244.304767523426563, 7459430.364526780322194 ], [ 731003.989956940757111, 7459420.020020868629217 ], [ 730744.126585002988577, 7459401.628828331828117 ], [ 730511.21843890263699, 7459373.918589908629656 ], [ 730234.87807826930657, 7459363.638996701687574 ], [ 729881.999957424355671, 7459350.010065282694995 ], [ 729703.020047984551638, 7459359.950024630874395 ], [ 729547.960050775902346, 7459350.010028319433331 ], [ 729464.040029986063018, 7459349.960109969601035 ], [ 729353.030032657203265, 7459349.990040139295161 ], [ 729177.441656203591265, 7459337.712741740047932 ] ] ] ] } },
{ "type": "Feature", "properties": { "objectid": 104.0, "distrito": "4º Distrito de Itaipuaçu", "cod_bairro": 45.0, "bairro": "BARROCO", "cd_distrit": "4", "nome_pop": "ITAIPUACU", "Shape__Are": 0.000219802473222, "Shape__Len": 0.078144682115507, "created_us": null, "created_da": null, "last_edite": "DAVIDSILVA", "last_edi_1": "2024/07/29 11:59:46.000" }, "geometry": { "type": "MultiPolygon", "coordinates": [ [ [ [ 706684.48938349285163, 7460551.309708232060075 ], [ 706692.219998533953913, 7460542.130055867135525 ], [ 706699.949984001228586, 7460532.95007492788136 ], [ 706707.670009677764028, 7460523.770115009509027 ], [ 706715.390024200081825, 7460514.59003958106041 ], [ 706723.119980760384351, 7460505.410044298507273 ], [ 706742.440043795970269, 7460482.470070004463196 ], [ 706745.509963327553123, 7460475.270099238492548 ], [ 706803.929950515273958, 7460406.810082031413913 ], [ 706813.670032573631033, 7460395.400023468770087 ], [ 706823.40999851457309, 7460383.99006949365139 ], [ 706833.150051938835531, 7460372.580106528475881 ], [ 706862.369949467130937, 7460338.360032925382257 ], [ 706876.777592092286795, 7460326.63602134026587 ], [ 706854.057641860563308, 7460307.046115152537823 ], [ 706912.82760161254555, 7460238.886027692817152 ], [ 706971.597639848361723, 7460170.726099498569965 ], [ 706979.546792405773886, 7460155.808569740504026 ], [ 707002.222117982804775, 7460175.444866957142949 ], [ 707021.193699879338965, 7460153.76014557108283 ], [ 707029.002144487807527, 7460144.616094881668687 ], [ 707037.158367305411957, 7460135.064725562930107 ], [ 707045.5593952157069, 7460125.22675022855401 ], [ 707052.514242566307075, 7460117.082363687455654 ], [ 707060.805917670717463, 7460107.372489651665092 ], [ 707072.220586965791881, 7460117.112429197877645 ], [ 707083.625360317528248, 7460126.862688099965453 ], [ 707099.202044138917699, 7460108.612832076847553 ], [ 707115.052088033990003, 7460090.036527991294861 ], [ 707142.066189613658935, 7460058.414298132061958 ], [ 707150.114805398276076, 7460048.78192484471947 ], [ 707126.78482214838732, 7460029.932002855464816 ], [ 707139.344769212184474, 7460014.371948829852045 ], [ 707153.804816332180053, 7459996.481979915872216 ], [ 707167.624798320233822, 7459979.371969726867974 ], [ 707183.32475907902699, 7459959.931981820613146 ], [ 707206.674795027822256, 7459978.772012518718839 ], [ 707275.10940473258961, 7459894.152830647304654 ], [ 707282.745566406403668, 7459876.48780728597194 ], [ 707295.146553602186032, 7459818.696007763035595 ], [ 707285.030011463211849, 7459770.250066997483373 ], [ 707324.190044114016928, 7459740.800043158233166 ], [ 707349.769998511997983, 7459721.560059880837798 ], [ 707379.624137077480555, 7459699.218670301139355 ], [ 707358.597075415425934, 7459665.40735902544111 ], [ 707407.211451558861881, 7459633.61457672342658 ], [ 707555.360041081439704, 7459484.740023151040077 ], [ 707595.56999533821363, 7459484.035107279196382 ], [ 707595.649990410893224, 7459468.980101592838764 ], [ 707599.975874487776309, 7459468.797709507867694 ], [ 707600.362340984982438, 7459453.919804618693888 ], [ 707555.119979221606627, 7459454.780088510364294 ], [ 707567.653792386525311, 7459439.349764484912157 ], [ 707580.064802350709215, 7459424.574434420093894 ], [ 707593.320005511050113, 7459409.860113194212317 ], [ 707619.07996765198186, 7459377.440058761276305 ], [ 707621.080638841609471, 7459366.310671495273709 ], [ 707593.824867808492854, 7459343.100742839276791 ], [ 707554.702033123816364, 7459309.830472086556256 ], [ 707449.795165732037276, 7459225.810130608268082 ], [ 707449.211390051525086, 7459188.605912961065769 ], [ 707404.864827385637909, 7459189.161374128423631 ], [ 707387.443172597792, 7459174.669113146141171 ], [ 707368.479842012748122, 7459159.25178069062531 ], [ 707356.030033770715818, 7459141.620038310065866 ], [ 707315.960038425633684, 7459114.870045581832528 ], [ 707312.22997287416365, 7459112.250022360123694 ], [ 707306.830000814399682, 7459111.580039989203215 ], [ 707302.29000406851992, 7459111.960037275217474 ], [ 707298.529989685397595, 7459112.840043442323804 ], [ 707294.21005556138698, 7459115.420081783086061 ], [ 707289.368131541181356, 7459118.350690516643226 ], [ 707286.437399983173236, 7459121.791094422340393 ], [ 707275.929983051028103, 7459134.780078746378422 ], [ 707255.887657965533435, 7459158.952615602873266 ], [ 707230.666713947197422, 7459189.255346931517124 ], [ 707223.09610907768365, 7459188.745815334841609 ], [ 707223.94796423765365, 7459144.730436690151691 ], [ 707223.598018195130862, 7459070.266068773344159 ], [ 707223.474011697806418, 7459055.41206468641758 ], [ 707223.33595339464955, 7459040.424113236367702 ], [ 707223.192026994307525, 7459025.226114558055997 ], [ 707223.050027134828269, 7459010.250069097615778 ], [ 707223.01289735303726, 7458995.433525966480374 ], [ 707202.972608184674755, 7458995.643549606204033 ], [ 707183.072330271475948, 7458995.823594646528363 ], [ 707182.908006991958246, 7458975.430950172245502 ], [ 707182.689963905722834, 7458951.710120745003223 ], [ 707182.760040939087048, 7458923.720074230805039 ], [ 707202.421105090528727, 7458923.650095381774008 ], [ 707222.759987866855226, 7458923.440050603821874 ], [ 707222.549952552653849, 7458908.440128116868436 ], [ 707222.373421354219317, 7458894.197400427423418 ], [ 707222.140029628295451, 7458878.440031914040446 ], [ 707222.029997523641214, 7458863.440060863271356 ], [ 707221.690011948929168, 7458848.590024318546057 ], [ 707221.550032135099173, 7458834.380022939294577 ], [ 707225.410023898817599, 7458834.27004478033632 ], [ 707238.89997652953025, 7458833.880127580836415 ], [ 707249.610009644995444, 7458833.570022350177169 ], [ 707261.569977828185074, 7458833.230066535994411 ], [ 707261.479953108122572, 7458818.040069384500384 ], [ 707221.279975015786476, 7458818.180084371939301 ], [ 707221.270016663824208, 7458803.230020072311163 ], [ 707221.229996809735894, 7458773.360074987635016 ], [ 707220.890004748362117, 7458758.510037137195468 ], [ 707239.589953565271571, 7458758.23002695851028 ], [ 707240.050025936798193, 7458728.0400470495224 ], [ 707239.789958566892892, 7458693.04011342022568 ], [ 707239.001554544549435, 7458681.828126963227987 ], [ 707180.912219753605314, 7458683.911077231168747 ], [ 707180.530048043001443, 7458626.20008883997798 ], [ 707179.340009323204868, 7458585.130115651525557 ], [ 707179.97555059788283, 7458572.564648486673832 ], [ 707177.790570236626081, 7458532.417671343311667 ], [ 707175.059551157522947, 7458486.67177461925894 ], [ 707174.200690946774557, 7458439.865962840616703 ], [ 706883.574030681280419, 7458442.709759927354753 ], [ 706289.002047129208222, 7458465.754643213003874 ], [ 706291.285754927084781, 7458517.883720899000764 ], [ 706292.100034798611887, 7458570.460063634440303 ], [ 706291.900350562646054, 7458583.93505824636668 ], [ 706292.080316536128521, 7458623.934645295143127 ], [ 706294.650046871858649, 7458660.740040998905897 ], [ 706294.65003450459335, 7458693.740121932700276 ], [ 706294.629978446057066, 7458706.350102451629937 ], [ 706294.49995322432369, 7458723.680080750957131 ], [ 706314.610552071244456, 7458722.707853488624096 ], [ 706315.426173533312976, 7458742.823086764663458 ], [ 706294.969980595284142, 7458743.660039944574237 ], [ 706295.429977393127047, 7458763.260091671720147 ], [ 706295.69071995629929, 7458773.855009283870459 ], [ 706295.900040806969628, 7458783.370091091841459 ], [ 706296.311712521710433, 7458804.345987722277641 ], [ 706296.52000521926675, 7458823.580078035593033 ], [ 706296.500017424230464, 7458843.790060845203698 ], [ 706296.469996639643796, 7458863.590118045918643 ], [ 706296.339980279561132, 7458883.87006273586303 ], [ 706296.79297805018723, 7458903.581529267132282 ], [ 706296.80779069242999, 7458924.250830449163914 ], [ 706314.001611534971744, 7458923.965496855787933 ], [ 706314.35207500634715, 7458943.947646455839276 ], [ 706296.838339374982752, 7458944.122829906642437 ], [ 706297.62997534009628, 7458974.830119345337152 ], [ 706297.600045597879216, 7458975.520059507340193 ], [ 706297.939967667451128, 7458992.64010963961482 ], [ 706298.340010461164638, 7459012.44002803042531 ], [ 706298.740024687373079, 7459032.410085825249553 ], [ 706299.149961178889498, 7459052.670108190737665 ], [ 706299.559996106661856, 7459072.870092632248998 ], [ 706299.950011266279034, 7459092.560043648816645 ], [ 706300.349988983012736, 7459112.670110877603292 ], [ 706301.439968015765771, 7459132.690080581232905 ], [ 706301.749976692255586, 7459152.50009180419147 ], [ 706301.709983606124297, 7459172.750106969848275 ], [ 706301.860011860262603, 7459192.720043583773077 ], [ 706301.730048750643618, 7459212.730038668960333 ], [ 706302.003651244216599, 7459258.86784232314676 ], [ 706287.725402285694145, 7459264.383721479214728 ], [ 706288.368056667619385, 7459291.777428474277258 ], [ 706288.500045387540013, 7459303.810098187066615 ], [ 706288.640032847877592, 7459315.880097633227706 ], [ 706289.018452864373103, 7459327.991246985271573 ], [ 706288.919960643397644, 7459339.680039558559656 ], [ 706289.050030468846671, 7459351.760032788850367 ], [ 706289.190014802385122, 7459363.830031647346914 ], [ 706289.204875290393829, 7459377.308385386131704 ], [ 706278.623549134354107, 7459390.657252793200314 ], [ 706249.349327694857493, 7459390.689663766883314 ], [ 706249.745767420972697, 7459400.33066382072866 ], [ 706249.977775345440023, 7459412.419226015917957 ], [ 706250.288052321411669, 7459424.545595084317029 ], [ 706239.964028401416726, 7459436.510293616913259 ], [ 706209.788502523326315, 7459436.535141557455063 ], [ 706209.788514068583027, 7459465.535129991360009 ], [ 706197.7794102744665, 7459485.196200819686055 ], [ 706158.660040322807617, 7459486.200129142031074 ], [ 706158.490051449160092, 7459497.620058500207961 ], [ 706159.020045664161444, 7459509.520104853436351 ], [ 706160.080022035166621, 7459532.780094146728516 ], [ 706103.499986985698342, 7459599.400050288997591 ], [ 706068.260004877578467, 7459599.950065841898322 ], [ 706068.260020954301581, 7459606.800045727752149 ], [ 706068.259965447243303, 7459618.890110043808818 ], [ 706068.269991513690911, 7459630.750082609243691 ], [ 706077.319999648840167, 7459630.790019780397415 ], [ 706063.83001004694961, 7459646.960113385692239 ], [ 706029.960751943523064, 7459686.400926580652595 ], [ 706017.139972051605582, 7459700.12004915997386 ], [ 706012.680016438709572, 7459708.640070399269462 ], [ 705977.399963758303784, 7459709.180097233504057 ], [ 705977.51003061234951, 7459715.80005328450352 ], [ 705977.709985357243568, 7459728.000023398548365 ], [ 705977.909973920788616, 7459740.150036728009582 ], [ 705978.070012479554862, 7459749.770112164318562 ], [ 705970.92290009057615, 7459759.51852036640048 ], [ 705942.030034011229873, 7459792.920078191906214 ], [ 705926.739999419776723, 7459809.710129532963037 ], [ 705924.830050318618305, 7459812.600037425756454 ], [ 705918.210036546457559, 7459819.800087375566363 ], [ 705911.590014843619429, 7459827.000023130327463 ], [ 705908.130017199669965, 7459828.390069905668497 ], [ 705908.180040800129063, 7459831.080038555897772 ], [ 705836.039812233648263, 7459918.66517607588321 ], [ 705809.788922825013287, 7459950.1363983489573 ], [ 705809.369780846289359, 7459910.620430497452617 ], [ 705796.039970379555598, 7459910.610020192340016 ], [ 705796.156777076190338, 7459922.472165157087147 ], [ 705796.274947305792011, 7459934.471642886288464 ], [ 705796.393116735387594, 7459946.471120469272137 ], [ 705796.511181284789927, 7459958.470488552004099 ], [ 705796.589958399184979, 7459966.470029346644878 ], [ 705789.449972941540182, 7459974.79010790400207 ], [ 705762.622678091167472, 7460007.010140431113541 ], [ 705761.652544390410185, 7460008.244941089302301 ], [ 705760.329439381835982, 7460009.832596513442695 ], [ 705759.00640867522452, 7460010.449928747490048 ], [ 705745.266959610860795, 7460028.55574631690979 ], [ 705738.351064944406971, 7460037.109663959592581 ], [ 705705.457940402440727, 7460037.441133775748312 ], [ 705705.502262142836116, 7460043.740973179228604 ], [ 705705.587016170029528, 7460055.740678438916802 ], [ 705705.80068404879421, 7460066.950069777667522 ], [ 705705.914210731745698, 7460076.14552868437022 ], [ 705700.304394364706241, 7460083.812500148080289 ], [ 705655.096663686214015, 7460128.954952702857554 ], [ 705639.097091223695315, 7460129.067471237853169 ], [ 705626.182373355841264, 7460129.389729046262801 ], [ 705615.097735714167356, 7460129.236272525042295 ], [ 705615.182101919548586, 7460141.235865144059062 ], [ 705615.266468775458634, 7460153.235568348318338 ], [ 705615.350834765937179, 7460165.235271407291293 ], [ 705615.435199902625754, 7460177.234974306076765 ], [ 705619.517558639985509, 7460178.99315082654357 ], [ 705609.708942455938086, 7460189.662386318668723 ], [ 705600.017367966007441, 7460216.687344135716558 ], [ 705523.207783743040636, 7460261.299002178944647 ], [ 705572.498344205669127, 7460306.688580741174519 ], [ 705635.52315375674516, 7460329.67411302216351 ], [ 705705.777464571874589, 7460332.68633346259594 ], [ 705787.339197802590206, 7460319.710622657090425 ], [ 705901.525524236727506, 7460329.720459090545774 ], [ 705964.550353771774098, 7460382.735606823116541 ], [ 706064.556070759543218, 7460560.595559641718864 ], [ 706135.690938511863351, 7460651.193887082859874 ], [ 706267.579845238476992, 7460830.536871487274766 ], [ 706332.993904834846035, 7460915.674979643896222 ], [ 706340.069981256267056, 7460909.510083036497235 ], [ 706403.94003166211769, 7460832.560068402439356 ], [ 706461.419972152682021, 7460763.310049442574382 ], [ 706467.680032626842149, 7460760.270058322697878 ], [ 706523.499958040076308, 7460689.67009000107646 ], [ 706579.319997418206185, 7460619.080050931312144 ], [ 706603.570035143988207, 7460600.850081608630717 ], [ 706626.520003910409287, 7460620.170040652155876 ], [ 706684.480295659508556, 7460551.320245143026114 ], [ 706684.48938349285163, 7460551.309708232060075 ] ] ] ] } },
{ "type": "Feature", "properties": { "objectid": 105.0, "distrito": "4º Distrito de Itaipuaçu", "cod_bairro": 46.0, "bairro": "JARDIM ATLÂNTICO OESTE", "cd_distrit": "4", "nome_pop": "ITAIPUACU", "Shape__Are": 0.00033715959666000001, "Shape__Len": 0.096916381741167998, "created_us": null, "created_da": null, "last_edite": "DAVIDSILVA", "last_edi_1": "2024/07/29 12:00:13.000" }, "geometry": { "type": "MultiPolygon", "coordinates": [ [ [ [ 708989.419983462197706, 7460985.030038699507713 ], [ 708989.149975911597721, 7460971.98005666770041 ], [ 708949.450162981403992, 7460972.179578342474997 ], [ 708949.229597778874449, 7460926.24071509949863 ], [ 708949.167915542726405, 7460915.493730511516333 ], [ 708948.840008549741469, 7460882.450129121541977 ], [ 708962.169993642601185, 7460882.390038926154375 ], [ 708975.500048086396419, 7460882.320077512413263 ], [ 708988.839951444533654, 7460882.250078432261944 ], [ 708988.780035082949325, 7460870.250042973086238 ], [ 708988.720016770181246, 7460858.250119536183774 ], [ 708988.670049068517983, 7460846.250056474469602 ], [ 708988.599974324693903, 7460834.250050704926252 ], [ 708988.292507635196671, 7460822.219997121021152 ], [ 708987.989960693754256, 7460809.990047141909599 ], [ 708987.83997510408517, 7460798.190091567113996 ], [ 708987.659979463205673, 7460774.010077366605401 ], [ 708987.620006028329954, 7460761.910071252845228 ], [ 708987.679967889329419, 7460749.900063032284379 ], [ 708987.580016402178444, 7460737.810082687065005 ], [ 708987.470038875704631, 7460726.040032597258687 ], [ 708987.369953753892332, 7460713.630040941759944 ], [ 708987.259974492480978, 7460702.030021604150534 ], [ 708987.140033253002912, 7460690.200072283856571 ], [ 708987.140044475789182, 7460678.010119226761162 ], [ 708973.760029316181317, 7460678.200099352747202 ], [ 708960.740034614689648, 7460678.290032297372818 ], [ 708947.849962743930519, 7460678.450040807947516 ], [ 708947.904701363295317, 7460644.929465660825372 ], [ 708947.907681273994967, 7460633.158514278940856 ], [ 708946.491256702691317, 7460632.135604176670313 ], [ 708946.40953451464884, 7460600.72120701149106 ], [ 708959.739282887428999, 7460600.639831717126071 ], [ 708973.06903527630493, 7460600.558666117489338 ], [ 708986.408838421455584, 7460600.477238489314914 ], [ 708986.335569478455, 7460588.477495238184929 ], [ 708986.262400674051605, 7460576.47763966396451 ], [ 708986.173864145297557, 7460564.131842697970569 ], [ 708986.116063443361782, 7460552.478149549104273 ], [ 708986.042893492034636, 7460540.478404263034463 ], [ 708985.969721102854237, 7460528.478548070415854 ], [ 708985.896550894482061, 7460516.478913229890168 ], [ 708985.823274154216051, 7460504.479058153927326 ], [ 708985.750203188043088, 7460492.479310831986368 ], [ 708985.677027222001925, 7460480.479454033076763 ], [ 708985.65718536649365, 7460467.84326183795929 ], [ 708985.530573117779568, 7460456.479962892830372 ], [ 708985.457396010635421, 7460444.480216382071376 ], [ 708985.38431902998127, 7460432.480357547290623 ], [ 708985.311140134464949, 7460420.4806107301265 ], [ 708985.237857776810415, 7460408.480865182355046 ], [ 708985.1646770874504, 7460396.481118058785796 ], [ 708971.825051573920064, 7460396.562337112613022 ], [ 708958.495173610630445, 7460396.64363064430654 ], [ 708945.165503252414055, 7460396.725020272657275 ], [ 708944.964184024254791, 7460363.725612550973892 ], [ 708945.560914249625057, 7460351.03943856805563 ], [ 708944.977250981843099, 7460349.371041846461594 ], [ 708944.799951736349612, 7460318.510035333223641 ], [ 708958.130049911793321, 7460318.420104511082172 ], [ 708971.46000914555043, 7460318.320083804428577 ], [ 708984.800021999399178, 7460318.220022546127439 ], [ 708984.709972256678157, 7460306.210095952264965 ], [ 708984.619955878471956, 7460294.21002721786499 ], [ 708984.530042730853893, 7460282.210067656822503 ], [ 708984.429971938137896, 7460270.210027370601892 ], [ 708984.339954494847916, 7460258.210068929940462 ], [ 708984.250038752099499, 7460246.210108915343881 ], [ 708984.160018043476157, 7460234.210039423778653 ], [ 708984.069998004357331, 7460222.210080537945032 ], [ 708983.979977096314542, 7460210.210121491923928 ], [ 708983.889953784877434, 7460198.210051550529897 ], [ 708983.800033703446388, 7460186.210090778768063 ], [ 708983.710008649388328, 7460174.21002053283155 ], [ 708983.619984272634611, 7460162.210060881450772 ], [ 708983.529959026258439, 7460150.210101086646318 ], [ 708983.440033937455155, 7460138.21002896502614 ], [ 708983.350006955675781, 7460126.210068861022592 ], [ 708983.259979108348489, 7460114.210108606144786 ], [ 708969.920042947400361, 7460114.310073211789131 ], [ 708956.589956687763333, 7460114.410110846161842 ], [ 708943.259972355212085, 7460114.510024502873421 ], [ 708942.940304147661664, 7460086.550930070690811 ], [ 708943.428351116250269, 7460084.012964262627065 ], [ 708942.669969178852625, 7460068.97002814989537 ], [ 708942.670044554164633, 7460035.970028659328818 ], [ 708956.000012395903468, 7460035.970023459754884 ], [ 708969.329982860246673, 7460035.970117220655084 ], [ 708982.659952868008986, 7460035.970088440924883 ], [ 708982.670036493451335, 7460023.970066638663411 ], [ 708982.66996402409859, 7460011.970074865967035 ], [ 708982.669993103132583, 7459999.970081500709057 ], [ 708982.670021172380075, 7459987.970087974332273 ], [ 708982.670048235100694, 7459975.970094284974039 ], [ 708982.669971717288718, 7459963.970101865008473 ], [ 708982.669996757758781, 7459951.970107852481306 ], [ 708982.670020782737993, 7459939.97011367790401 ], [ 708982.670043795136735, 7459927.970119344070554 ], [ 708982.669963237829506, 7459915.970126274973154 ], [ 708982.669982692226768, 7459903.970020869746804 ], [ 708982.67000267165713, 7459891.970026047900319 ], [ 708982.670021640951745, 7459879.970031064935029 ], [ 708982.670039597898722, 7459867.970035918056965 ], [ 708969.329960639355704, 7459867.970107844099402 ], [ 708956.000036193290725, 7459867.970027040690184 ], [ 708942.670011806301773, 7459867.970046607777476 ], [ 708942.670033778063953, 7459827.970071759074926 ], [ 708942.235576856415719, 7459813.761826286092401 ], [ 708942.033784758881666, 7459775.452444883063436 ], [ 708955.363837024662644, 7459775.31251610442996 ], [ 708968.693786022951826, 7459775.172466183081269 ], [ 708982.033789745648392, 7459775.03248642757535 ], [ 708981.913751056068577, 7459763.05243334453553 ], [ 708981.793845062842593, 7459751.052439740858972 ], [ 708981.673835685010999, 7459739.052447417750955 ], [ 708981.553825493087061, 7459727.052454942837358 ], [ 708981.433814476593398, 7459715.052462324500084 ], [ 708981.313802644144744, 7459703.052469551563263 ], [ 708981.193789987242781, 7459691.052476638928056 ], [ 708981.073776516132057, 7459679.052483571693301 ], [ 708980.953762219520286, 7459667.05249036103487 ], [ 708980.83384966570884, 7459655.05249557364732 ], [ 708980.713833728339523, 7459643.052502068690956 ], [ 708980.593816976994276, 7459631.052508408203721 ], [ 708980.473799399915151, 7459619.052514607086778 ], [ 708980.353816817048937, 7459607.062489415518939 ], [ 708980.233797606662847, 7459595.062495313584805 ], [ 708980.113777571823448, 7459583.062501067295671 ], [ 708979.993756721611135, 7459571.062506667338312 ], [ 708979.873837601975538, 7459559.062510702759027 ], [ 708979.763841907144524, 7459546.772492850199342 ], [ 708966.433796881698072, 7459546.802467472851276 ], [ 708953.103790214285254, 7459546.842509798705578 ], [ 708939.773849792196415, 7459546.872459396719933 ], [ 708939.683817958226427, 7459512.872444242238998 ], [ 708938.838637020904571, 7459501.813424227759242 ], [ 708939.239997882163152, 7459468.490034747868776 ], [ 708952.570038223755546, 7459468.450108636170626 ], [ 708965.870026095304638, 7459468.92012794315815 ], [ 708979.210041427053511, 7459468.830082760192454 ], [ 708979.049954869784415, 7459457.24004743527621 ], [ 708978.829971300787292, 7459444.860059507191181 ], [ 708978.840025779907592, 7459432.780054057016969 ], [ 708978.651083270320669, 7459420.005738211795688 ], [ 708978.489965300890617, 7459409.110020350664854 ], [ 708938.500009107519872, 7459409.4301155526191 ], [ 708938.460005029919557, 7459397.370081319473684 ], [ 708979.050034730462357, 7459396.380025368183851 ], [ 708979.019961108919233, 7459384.380108878016472 ], [ 708978.989987548673525, 7459372.380080049857497 ], [ 708978.949960951693356, 7459360.380079858005047 ], [ 708978.260025676107034, 7459348.950039982795715 ], [ 708978.010024975170381, 7459336.950074760243297 ], [ 708977.930016064899974, 7459324.900118310004473 ], [ 708977.849986780667678, 7459312.930026855319738 ], [ 708977.769976099138148, 7459300.880070093087852 ], [ 708977.694278142647818, 7459288.564538558013737 ], [ 708977.897813823539764, 7459275.748328221961856 ], [ 708977.694350809790194, 7459263.923728816211224 ], [ 708978.304559521144256, 7459232.162705748341978 ], [ 708977.832230153959244, 7459220.403648296371102 ], [ 708976.906388136092573, 7459186.147265503183007 ], [ 708976.906399863772094, 7459174.34276907145977 ], [ 708976.906443874817342, 7459162.075255017727613 ], [ 708976.749950596829876, 7459150.930127448402345 ], [ 708976.649995122454129, 7459138.730020249262452 ], [ 708976.540003093658015, 7459126.760120742022991 ], [ 708976.440029733930714, 7459114.810020498931408 ], [ 708976.41001803742256, 7459102.720043546520174 ], [ 708976.390021413099021, 7459090.620068865828216 ], [ 708976.270031564752571, 7459079.260094332508743 ], [ 708976.14996508974582, 7459066.720091855153441 ], [ 708976.029955136706121, 7459054.620065398514271 ], [ 708975.909970451961271, 7459042.640112708322704 ], [ 708975.78995588584803, 7459030.850130192935467 ], [ 708975.75001708092168, 7459018.090022847987711 ], [ 708975.730017827590927, 7459006.500030416995287 ], [ 708975.519999716896564, 7458994.500059492886066 ], [ 708975.640021902625449, 7458982.630090628750622 ], [ 708935.710038382560015, 7458983.110065257176757 ], [ 708935.619950919295661, 7458951.08006623852998 ], [ 708935.600048382533714, 7458936.370026422664523 ], [ 708935.559981245780364, 7458905.040059801191092 ], [ 708974.870034397463314, 7458904.510078043676913 ], [ 708975.04996583564207, 7458892.870119886472821 ], [ 708974.74000678723678, 7458880.580100353807211 ], [ 708974.609983274247497, 7458868.89005814306438 ], [ 708974.610051864292473, 7458856.530046682804823 ], [ 708974.439964749151841, 7458844.880105277523398 ], [ 708974.489963643369265, 7458832.910084684379399 ], [ 708974.140018035424873, 7458820.880042232573032 ], [ 708974.370044124545529, 7458809.140026804991066 ], [ 708974.310020841425285, 7458796.870129304006696 ], [ 708974.180033797863871, 7458784.570076934993267 ], [ 708974.050021321512759, 7458772.800057613290846 ], [ 708973.910003344528377, 7458760.930041313171387 ], [ 708973.869990994222462, 7458748.890044615603983 ], [ 708973.819999302271754, 7458736.870124869048595 ], [ 708973.779998829588294, 7458725.060085514560342 ], [ 708973.950012245681137, 7458712.840050874277949 ], [ 708973.549962652148679, 7458700.770050281658769 ], [ 708960.169981158571318, 7458701.05012384802103 ], [ 708946.739971584058367, 7458701.140024054795504 ], [ 708933.389971928205341, 7458701.230130594223738 ], [ 708933.359967685188167, 7458672.800076026469469 ], [ 708933.477203703834675, 7458669.955766573548317 ], [ 708932.699978861259297, 7458656.220044193789363 ], [ 708932.56004078220576, 7458623.020111551508307 ], [ 708946.080041692708619, 7458622.960094258189201 ], [ 708959.69998457073234, 7458622.910086199641228 ], [ 708973.15998413413763, 7458622.850102458149195 ], [ 708972.999955885577947, 7458611.150061227381229 ], [ 708959.580023027956486, 7458611.140036784112453 ], [ 708946.070004976121709, 7458611.150082189589739 ], [ 708932.669980440405197, 7458611.170108233578503 ], [ 708932.400007006945089, 7458574.390020720660686 ], [ 708934.570477004861459, 7458558.631697112694383 ], [ 708933.218073697877117, 7458531.196767104789615 ], [ 708932.480034288018942, 7458502.260019468143582 ], [ 708930.739962241845205, 7458458.290121229365468 ], [ 708931.439973398926668, 7458447.740111645311117 ], [ 708931.539958116249181, 7458416.110101157799363 ], [ 708931.250002136803232, 7458378.160111896693707 ], [ 708930.217544981045648, 7458339.567998485639691 ], [ 708763.950027161045, 7458349.950112688355148 ], [ 708428.00994953000918, 7458370.000057771801949 ], [ 708187.96998269832693, 7458390.050074565224349 ], [ 708076.000001167412847, 7458400.020122000947595 ], [ 707945.05000436049886, 7458410.030120149254799 ], [ 707796.979988386738114, 7458420.050116310827434 ], [ 707551.97002900915686, 7458429.970095495693386 ], [ 707174.200690946774557, 7458439.865962840616703 ], [ 707175.059551157522947, 7458486.67177461925894 ], [ 707177.790570236626081, 7458532.417671343311667 ], [ 707179.97555059788283, 7458572.564648486673832 ], [ 707179.340009323204868, 7458585.130115651525557 ], [ 707180.530048043001443, 7458626.20008883997798 ], [ 707180.912219753605314, 7458683.911077231168747 ], [ 707239.001554544549435, 7458681.828126963227987 ], [ 707239.789958566892892, 7458693.04011342022568 ], [ 707240.050025936798193, 7458728.0400470495224 ], [ 707239.589953565271571, 7458758.23002695851028 ], [ 707220.890004748362117, 7458758.510037137195468 ], [ 707221.229996809735894, 7458773.360074987635016 ], [ 707221.270016663824208, 7458803.230020072311163 ], [ 707221.279975015786476, 7458818.180084371939301 ], [ 707261.479953108122572, 7458818.040069384500384 ], [ 707261.569977828185074, 7458833.230066535994411 ], [ 707249.610009644995444, 7458833.570022350177169 ], [ 707238.89997652953025, 7458833.880127580836415 ], [ 707225.410023898817599, 7458834.27004478033632 ], [ 707221.550032135099173, 7458834.380022939294577 ], [ 707221.690011948929168, 7458848.590024318546057 ], [ 707222.029997523641214, 7458863.440060863271356 ], [ 707222.140029628295451, 7458878.440031914040446 ], [ 707222.373421354219317, 7458894.197400427423418 ], [ 707222.549952552653849, 7458908.440128116868436 ], [ 707222.759987866855226, 7458923.440050603821874 ], [ 707202.421105090528727, 7458923.650095381774008 ], [ 707182.760040939087048, 7458923.720074230805039 ], [ 707182.689963905722834, 7458951.710120745003223 ], [ 707182.96225931996014, 7458974.603316869586706 ], [ 707183.072330271475948, 7458995.823594646528363 ], [ 707202.972608184674755, 7458995.643549606204033 ], [ 707223.01289735303726, 7458995.433525966480374 ], [ 707223.050027134828269, 7459010.250069097615778 ], [ 707223.192026994307525, 7459025.226114558055997 ], [ 707223.33595339464955, 7459040.424113236367702 ], [ 707223.474011697806418, 7459055.41206468641758 ], [ 707223.598018195130862, 7459070.266068773344159 ], [ 707223.94796423765365, 7459144.730436690151691 ], [ 707223.09610907768365, 7459188.745815334841609 ], [ 707230.666713947197422, 7459189.255346931517124 ], [ 707255.887657965533435, 7459158.952615602873266 ], [ 707275.929983051028103, 7459134.780078746378422 ], [ 707286.437399983173236, 7459121.791094422340393 ], [ 707289.368131541181356, 7459118.350690516643226 ], [ 707294.21005556138698, 7459115.420081783086061 ], [ 707298.529989685397595, 7459112.840043442323804 ], [ 707302.29000406851992, 7459111.960037275217474 ], [ 707306.830000814399682, 7459111.580039989203215 ], [ 707312.22997287416365, 7459112.250022360123694 ], [ 707315.960038425633684, 7459114.870045581832528 ], [ 707356.030033770715818, 7459141.620038310065866 ], [ 707368.479842012748122, 7459159.25178069062531 ], [ 707387.443172597792, 7459174.669113146141171 ], [ 707404.864827385637909, 7459189.161374128423631 ], [ 707449.211390051525086, 7459188.605912961065769 ], [ 707449.795165732037276, 7459225.810130608268082 ], [ 707554.702033123816364, 7459309.830472086556256 ], [ 707593.824867808492854, 7459343.100742839276791 ], [ 707621.080638841609471, 7459366.310671495273709 ], [ 707619.07996765198186, 7459377.440058761276305 ], [ 707593.320005511050113, 7459409.860113194212317 ], [ 707580.064802350709215, 7459424.574434420093894 ], [ 707567.653792386525311, 7459439.349764484912157 ], [ 707555.119979221606627, 7459454.780088510364294 ], [ 707600.362340984982438, 7459453.919804618693888 ], [ 707599.975874487776309, 7459468.797709507867694 ], [ 707595.649990410893224, 7459468.980101592838764 ], [ 707595.56999533821363, 7459484.035107279196382 ], [ 707555.360041081439704, 7459484.740023151040077 ], [ 707407.211451558861881, 7459633.61457672342658 ], [ 707358.597075415425934, 7459665.40735902544111 ], [ 707379.624137077480555, 7459699.218670301139355 ], [ 707349.769998511997983, 7459721.560059880837798 ], [ 707324.190044114016928, 7459740.800043158233166 ], [ 707285.030011463211849, 7459770.250066997483373 ], [ 707295.146553602186032, 7459818.696007763035595 ], [ 707282.745566406403668, 7459876.48780728597194 ], [ 707275.10940473258961, 7459894.152830647304654 ], [ 707206.674795027822256, 7459978.772012518718839 ], [ 707230.004818485816941, 7459997.621924233622849 ], [ 707253.344751441734843, 7460016.4720006166026 ], [ 707276.694796011666767, 7460035.322017317637801 ], [ 707300.034847366157919, 7460054.172029567882419 ], [ 707323.374752792180516, 7460073.022012577392161 ], [ 707346.704767505638301, 7460091.87198978010565 ], [ 707369.975654619862325, 7460110.692288782447577 ], [ 707393.315748499473557, 7460129.535529468208551 ], [ 707416.704811929026619, 7460148.421928633004427 ], [ 707440.06481366744265, 7460167.271921677514911 ], [ 707463.394819615408778, 7460186.121964406222105 ], [ 707459.63941557740327, 7460190.870289579033852 ], [ 707470.799568581860512, 7460200.368220988661051 ], [ 707483.114229383412749, 7460210.487487955018878 ], [ 707505.184838141780347, 7460229.841657077893615 ], [ 707514.708344744401984, 7460240.193986188620329 ], [ 707522.234026345657185, 7460231.464395299553871 ], [ 707537.824121346464381, 7460213.380239822901785 ], [ 707548.801119571784511, 7460200.647297467105091 ], [ 707573.468323029461317, 7460172.033931883051991 ], [ 707598.101174808805808, 7460193.330089570954442 ], [ 707573.43387277261354, 7460221.943497126922011 ], [ 707562.00830189883709, 7460235.540653892792761 ], [ 707547.516682309797034, 7460252.488605614751577 ], [ 707539.624299775226973, 7460261.718730977736413 ], [ 707560.038266001152806, 7460279.353940856643021 ], [ 707561.578322692774236, 7460280.634021041914821 ], [ 707582.748338111676276, 7460298.974015375599265 ], [ 707585.758330249926075, 7460301.574018048122525 ], [ 707605.448278196388856, 7460318.584009602665901 ], [ 707610.32950206915848, 7460322.80068548489362 ], [ 707628.148277773172595, 7460338.193973750807345 ], [ 707635.706750817131251, 7460344.720691923052073 ], [ 707650.848338363110088, 7460357.804018568247557 ], [ 707661.464697627816349, 7460366.971151413396001 ], [ 707673.55830599903129, 7460377.41400827281177 ], [ 707688.651851472212002, 7460390.452882163226604 ], [ 707696.25828046107199, 7460397.023995766416192 ], [ 707715.19831723626703, 7460413.343928668648005 ], [ 707718.958314417395741, 7460416.633953179232776 ], [ 707741.658306824159808, 7460436.24399269092828 ], [ 707742.56382309878245, 7460437.026154946535826 ], [ 707750.913130632834509, 7460444.238870052620769 ], [ 707759.170983295422047, 7460451.372757216915488 ], [ 707764.358256158884615, 7460455.854003539308906 ], [ 707779.471353740431368, 7460468.945255732163787 ], [ 707787.058264979976229, 7460475.463984325528145 ], [ 707810.059944893466309, 7460494.621713782660663 ], [ 707835.210652221227065, 7460516.771413124166429 ], [ 707859.26216512103565, 7460535.012821498326957 ], [ 707866.857575776521116, 7460543.673332372680306 ], [ 707877.910891491337679, 7460531.711710552684963 ], [ 707884.724526527570561, 7460536.329756375402212 ], [ 707887.525747022824362, 7460537.843843481503427 ], [ 707894.414961085421965, 7460540.720776527188718 ], [ 707900.244538750499487, 7460541.780663684941828 ], [ 707905.165361938532442, 7460542.159239202737808 ], [ 707910.560634986148216, 7460542.210919880308211 ], [ 707918.823550201952457, 7460540.384357350878417 ], [ 707924.912050942424685, 7460538.123026259243488 ], [ 707931.261350111686625, 7460535.165676322765648 ], [ 707937.697817681008019, 7460530.207965763285756 ], [ 707939.959345491835847, 7460528.207492640241981 ], [ 707961.270013900124468, 7460548.620112704113126 ], [ 707943.187531384639442, 7460569.224002519622445 ], [ 707924.164867850369774, 7460590.894035145640373 ], [ 707937.860006085829809, 7460602.580020834691823 ], [ 707960.410002114251256, 7460622.370076098479331 ], [ 707972.430041378829628, 7460632.930050706490874 ], [ 707982.95273114182055, 7460642.164412138052285 ], [ 707993.475433864281513, 7460651.398767132312059 ], [ 708003.998149555409327, 7460660.633115676231682 ], [ 708005.500017340527847, 7460661.950127286836505 ], [ 708014.520775642478839, 7460669.867459191940725 ], [ 708028.049986852100119, 7460681.74009657278657 ], [ 708050.600015898118727, 7460701.530036253854632 ], [ 708057.360031936550513, 7460707.470116576179862 ], [ 708073.139950523502193, 7460721.32008660864085 ], [ 708094.1963436298538, 7460739.802155634388328 ], [ 708100.949969383538701, 7460745.730123006738722 ], [ 708118.240001652389765, 7460760.900043714791536 ], [ 708138.696485992637463, 7460778.86995742842555 ], [ 708163.330034348298796, 7460800.480024166405201 ], [ 708175.409958288539201, 7460806.000046962872148 ], [ 708201.22997935814783, 7460828.120034621097147 ], [ 708227.039957979228348, 7460850.250092441216111 ], [ 708251.339991930406541, 7460871.070101246237755 ], [ 708270.86003519478254, 7460848.300039962865412 ], [ 708299.730039912392385, 7460873.000046488828957 ], [ 708325.58004857506603, 7460895.100047396495938 ], [ 708346.790041915606707, 7460913.380080280825496 ], [ 708359.512873843545094, 7460916.811389021575451 ], [ 708367.58193568943534, 7460907.929410437121987 ], [ 708405.076119607663713, 7460927.6441819537431 ], [ 708431.706838889745995, 7460938.985303200781345 ], [ 708456.881310251308605, 7460955.302341027185321 ], [ 708482.055737044429407, 7460971.619452893733978 ], [ 708507.230119267944247, 7460987.936638800427318 ], [ 708532.404455390642397, 7461004.253788003697991 ], [ 708557.578950542956591, 7461020.570897665806115 ], [ 708578.299303547595628, 7461033.823854323476553 ], [ 708582.753399594454095, 7461036.88797062356025 ], [ 708601.34641755791381, 7461049.10941057279706 ], [ 708660.933936641435139, 7461086.996692094951868 ], [ 708686.108311988995411, 7461103.313834239728749 ], [ 708711.282743798568845, 7461119.630938272923231 ], [ 708736.457233607536182, 7461135.948114935308695 ], [ 708761.631573208840564, 7461152.265145570971072 ], [ 708789.173880838206969, 7461170.148825948126614 ], [ 708811.980426403111778, 7461184.899424746632576 ], [ 708837.154834352899343, 7461201.216453205794096 ], [ 708862.329301840625703, 7461217.533665050752461 ], [ 708887.503721682354808, 7461233.850729459896684 ], [ 708936.127109208377078, 7461150.767484111711383 ], [ 708951.908604166936129, 7461138.816894041374326 ], [ 708949.732668602955528, 7461132.579526459798217 ], [ 708950.320040446007624, 7461105.330098086968064 ], [ 708977.046708407346159, 7461105.123389372602105 ], [ 708977.082220837823115, 7461090.239039986394346 ], [ 708990.249261590884998, 7461089.985583664849401 ], [ 708990.206668753759004, 7461079.721066707745194 ], [ 708990.039976486819796, 7461069.030037027783692 ], [ 708989.959967745933682, 7461057.030061386525631 ], [ 708989.870007493766025, 7461045.030112879350781 ], [ 708989.780044830753468, 7461033.030053477734327 ], [ 708989.333034076495096, 7461020.538922498933971 ], [ 708989.47002512589097, 7461007.920057726092637 ], [ 708989.510052155819722, 7460997.030097283422947 ], [ 708989.419983462197706, 7460985.030038699507713 ] ] ] ] } },
{ "type": "Feature", "properties": { "objectid": 107.0, "distrito": "4º Distrito de Itaipuaçu", "cod_bairro": 48.0, "bairro": "JARDIM ATLÂNTICO LESTE", "cd_distrit": "4", "nome_pop": "ITAIPUACU", "Shape__Are": 0.00067383571255399998, "Shape__Len": 0.123746528836352, "created_us": null, "created_da": null, "last_edite": null, "last_edi_1": null }, "geometry": { "type": "MultiPolygon", "coordinates": [ [ [ [ 713241.975034564733505, 7457768.016722090542316 ], [ 712807.693727849633433, 7457789.961408361792564 ], [ 712493.880056642461568, 7457810.638980140909553 ], [ 712364.300229414366186, 7457821.829321266151965 ], [ 711729.739769574254751, 7457915.081368338316679 ], [ 711363.540007328381762, 7457981.230125605128706 ], [ 710976.851620702072978, 7458059.799992782995105 ], [ 710982.580025366041809, 7458118.910089489072561 ], [ 710987.400030892342329, 7458158.620065200142562 ], [ 710991.313801408745348, 7458202.49555822648108 ], [ 710988.704248707043007, 7458214.272674498148263 ], [ 710990.992668911349028, 7458248.075392862781882 ], [ 710994.762748472508974, 7458259.609841829165816 ], [ 710999.817044981755316, 7458291.302792818285525 ], [ 710987.833429707447067, 7458292.940896387211978 ], [ 710975.816548175993375, 7458295.395950341597199 ], [ 710964.516651561483741, 7458297.252635475248098 ], [ 710952.158462544088252, 7458299.404179885052145 ], [ 710956.070050488808192, 7458371.705769142135978 ], [ 710955.822601905325428, 7458403.861313799396157 ], [ 710970.10635661217384, 7458403.87593084666878 ], [ 710983.436405304819345, 7458403.875882939435542 ], [ 710996.776405646698549, 7458403.875905227847397 ], [ 710996.766437612473965, 7458415.825918713584542 ], [ 710996.776435871608555, 7458427.875899858772755 ], [ 710996.776397400186397, 7458439.875842271372676 ], [ 710996.77635945554357, 7458451.875895279459655 ], [ 710996.786426738020964, 7458463.835928807966411 ], [ 710996.786385213956237, 7458475.835870744660497 ], [ 710996.776441505877301, 7458487.875828944146633 ], [ 710996.766353073064238, 7458499.795823927037418 ], [ 710996.766433914657682, 7458511.855912303552032 ], [ 710996.766416395548731, 7458523.835914399474859 ], [ 710996.81640851451084, 7458535.885886986739933 ], [ 710996.826414086390287, 7458547.885908517986536 ], [ 710996.776376029942185, 7458559.875916281715035 ], [ 710996.776428876793943, 7458571.875855484046042 ], [ 710996.776379705173895, 7458583.875906703993678 ], [ 710996.751142780878581, 7458596.596101285889745 ], [ 710996.776379289338365, 7458607.875896479003131 ], [ 710984.349402627791278, 7458607.875904920510948 ], [ 710970.663860338972881, 7458607.875825779512525 ], [ 710956.776356248301454, 7458607.875907168723643 ], [ 710956.806970658246428, 7458636.530059655196965 ], [ 710957.224354126490653, 7458638.389481394551694 ], [ 710958.445057294797152, 7458655.911076281219721 ], [ 710958.151990134618245, 7458658.20725898258388 ], [ 710958.104692865512334, 7458664.666869651526213 ], [ 710957.94485353003256, 7458686.519026722759008 ], [ 710971.274684364674613, 7458686.602758601307869 ], [ 710984.604644167702645, 7458686.651694799773395 ], [ 710997.944450235459954, 7458686.700481162406504 ], [ 710997.890129238599911, 7458698.700405614450574 ], [ 710997.83560047193896, 7458710.700222025625408 ], [ 710984.835763231385499, 7458710.641239123418927 ], [ 710971.505928368424065, 7458710.580779237672687 ], [ 710957.836145200184546, 7458710.518759435974061 ], [ 710958.021811588201672, 7458744.519977787509561 ], [ 710958.725255320314318, 7458833.441621521487832 ], [ 710959.025283491821028, 7458866.441634446382523 ], [ 710972.355289770639502, 7458866.321669713594019 ], [ 710985.685296924086288, 7458866.201693163253367 ], [ 710999.025254270178266, 7458866.081676074303687 ], [ 710999.125256253872067, 7458878.071680195629597 ], [ 710999.235346459317952, 7458890.071622872725129 ], [ 710985.895341213908978, 7458890.211688409559429 ], [ 710972.565275595290586, 7458890.321694608777761 ], [ 710959.235350604401901, 7458890.441656423732638 ], [ 710959.525315797189251, 7458923.441697534173727 ], [ 710961.423457621014677, 7458934.541813530027866 ], [ 710961.43912455602549, 7458967.153458370827138 ], [ 710974.439071432338096, 7458967.153439369052649 ], [ 710987.439123459160328, 7458967.153518454171717 ], [ 711000.43907241744455, 7458967.153477009385824 ], [ 711000.439095081295818, 7458979.153521694242954 ], [ 711000.43911516526714, 7458991.153455464169383 ], [ 711000.439135786145926, 7459003.153499828651547 ], [ 711000.439051279565319, 7459015.153434712439775 ], [ 711000.439069858402945, 7459027.153478749096394 ], [ 711000.439087416045368, 7459039.153522619977593 ], [ 711000.439102400327101, 7459051.153455587103963 ], [ 711000.439117916044779, 7459063.153499135747552 ], [ 711000.439130858285353, 7459075.15343177691102 ], [ 711000.439144326024689, 7459087.153475002385676 ], [ 711000.439054224523716, 7459099.153519507497549 ], [ 711000.439064103644341, 7459111.153451658785343 ], [ 711000.439074514200911, 7459123.153494404628873 ], [ 711000.43908235244453, 7459135.153426229953766 ], [ 711000.439090721309185, 7459147.15346865169704 ], [ 711000.439098068978637, 7459159.153510903939605 ], [ 711000.439102837117389, 7459171.153442254289985 ], [ 710987.439080425305292, 7459171.153468478471041 ], [ 710974.43905905156862, 7459171.153483482077718 ], [ 710961.439141271519475, 7459171.153485829010606 ], [ 710961.439066438004375, 7459204.153483308851719 ], [ 710962.815644171787426, 7459216.206671516411006 ], [ 710962.999642951181158, 7459250.206121426075697 ], [ 710975.999362749629654, 7459250.13589802198112 ], [ 710988.999182909377851, 7459250.065440446138382 ], [ 711001.999007098842412, 7459249.995193146169186 ], [ 711002.064037321950309, 7459261.994987094774842 ], [ 711002.128861511591822, 7459273.994783764705062 ], [ 711002.193787344265729, 7459285.994578836485744 ], [ 711002.258816368877888, 7459297.994483070448041 ], [ 711002.323740360792726, 7459309.994277842342854 ], [ 711002.388560886029154, 7459321.994073896668851 ], [ 711002.453585604438558, 7459333.993866916745901 ], [ 711002.518508396926336, 7459345.993771972134709 ], [ 711002.583428726065904, 7459357.993566127493978 ], [ 711002.648348136222921, 7459369.993360128253698 ], [ 711002.713266623672098, 7459381.993153968825936 ], [ 711002.778185751289129, 7459393.993058410473168 ], [ 711002.843102409737185, 7459405.992851948365569 ], [ 711002.908120701787993, 7459417.99264389462769 ], [ 711002.973035524366423, 7459429.992437120527029 ], [ 711003.037950983271003, 7459441.992340944707394 ], [ 711003.102863965905271, 7459453.992133868858218 ], [ 710990.102967720129527, 7459454.062477635219693 ], [ 710977.103176500182599, 7459454.132919481024146 ], [ 710964.103383088018745, 7459454.203128606081009 ], [ 710964.282036667806096, 7459487.202714996412396 ], [ 710963.016783457482234, 7459501.66951602883637 ], [ 710963.545641094329767, 7459532.071599297225475 ], [ 710976.545008298708126, 7459531.951555928215384 ], [ 710989.864483847049996, 7459531.828565396368504 ], [ 711003.543863681494258, 7459531.702290570363402 ], [ 711003.654618265107274, 7459543.701771990396082 ], [ 711003.765372010879219, 7459555.701253260485828 ], [ 711003.876227469649166, 7459567.700732942670584 ], [ 711003.986981079215184, 7459579.700324668549001 ], [ 711004.097834850777872, 7459591.699804054573178 ], [ 711004.2085852191085, 7459603.699284729547799 ], [ 711004.319437300902791, 7459615.698763817548752 ], [ 711004.430184428812936, 7459627.698133448138833 ], [ 711004.541036373819225, 7459639.697722990997136 ], [ 711004.651783365407027, 7459651.697203070856631 ], [ 711004.762632070109248, 7459663.696681562811136 ], [ 711004.873274807585403, 7459675.696162788197398 ], [ 711004.98412182496395, 7459687.695640984922647 ], [ 711005.094865438411944, 7459699.695120468735695 ], [ 711005.20571231842041, 7459711.694709121249616 ], [ 711005.31645424303133, 7459723.694188307970762 ], [ 711005.427296329755336, 7459735.693555161356926 ], [ 711005.538139124517329, 7459747.693032613024116 ], [ 711005.648880068445578, 7459759.692622100003064 ], [ 710978.979985442943871, 7459759.938890883699059 ], [ 710965.650564127136022, 7459760.061881748959422 ], [ 710965.8399120940594, 7459796.947702707722783 ], [ 710966.405847031855956, 7459816.851612109690905 ], [ 710967.694149720482528, 7459878.68701527453959 ], [ 710966.179971020086668, 7459885.570044807158411 ], [ 710966.180048677953891, 7459918.570123054087162 ], [ 710979.509999731555581, 7459918.570092931389809 ], [ 710992.839951876318082, 7459918.570051007904112 ], [ 711006.179959224537015, 7459918.570077929645777 ], [ 711006.1800080727553, 7459930.570108707994223 ], [ 711006.179951787227765, 7459942.570030007511377 ], [ 711006.179998594336212, 7459954.570060463622212 ], [ 711006.18004437990021, 7459966.570090748369694 ], [ 711006.179955754196271, 7459984.570027288980782 ], [ 711005.811837691115215, 7459997.207275385037065 ], [ 711069.246812971308827, 7459997.717169256880879 ], [ 711142.244376028771512, 7459998.303938703611493 ], [ 711147.244076137314551, 7459998.344152249395847 ], [ 711147.099586145719513, 7460018.339119952172041 ], [ 711146.926163688534871, 7460042.342629444785416 ], [ 711146.810613539069891, 7460058.337583040818572 ], [ 711146.50715470360592, 7460100.339761452749372 ], [ 711145.919911626260728, 7460168.090525399893522 ], [ 711145.781550436047837, 7460198.649295190349221 ], [ 711145.929115750594065, 7460254.53027824498713 ], [ 711100.025280512170866, 7460231.765220032073557 ], [ 711120.91634182468988, 7460314.824228680692613 ], [ 711125.603524710168131, 7460328.477600995451212 ], [ 711129.01204369973857, 7460354.609187444671988 ], [ 711132.645495697273873, 7460367.099394553340971 ], [ 711135.223392991232686, 7460372.634141258895397 ], [ 711160.298100682906806, 7460387.458170594647527 ], [ 711168.697299981489778, 7460393.77629366517067 ], [ 711207.261174746789038, 7460412.125128597021103 ], [ 711245.527664679219015, 7460429.436243822798133 ], [ 711274.436950048315339, 7460441.981142822653055 ], [ 711321.350884206243791, 7460388.545585246756673 ], [ 711331.742186345160007, 7460378.316272135823965 ], [ 711340.257113179424778, 7460368.460994696244597 ], [ 711348.508423309773207, 7460358.469507321715355 ], [ 711369.663503386545926, 7460385.953189736232162 ], [ 711391.764445096021518, 7460419.696315862238407 ], [ 711419.984724525478669, 7460453.79902951605618 ], [ 711359.65078136487864, 7460484.588026832789183 ], [ 711345.688571023987606, 7460497.423952098935843 ], [ 711355.791485405992717, 7460505.959082087501884 ], [ 711361.365403997013345, 7460509.834715124219656 ], [ 711340.881027215858921, 7460531.344819980673492 ], [ 711346.530899389181286, 7460537.364806370809674 ], [ 711918.744247855385765, 7460158.635488296858966 ], [ 711975.74431067192927, 7460146.668606354855001 ], [ 712031.169759629759938, 7460151.392355464398861 ], [ 712072.109122744528577, 7460164.618833089247346 ], [ 712273.380820987164043, 7460333.611575054936111 ], [ 712329.436182750156149, 7460344.633648783899844 ], [ 712381.397580254357308, 7460337.705428512766957 ], [ 712992.319972388795577, 7459813.140096580609679 ], [ 713539.569977136212401, 7459522.250053429976106 ], [ 714826.710039017605595, 7458951.17510654963553 ], [ 714883.779956795740873, 7458964.650039539672434 ], [ 715038.900041213608347, 7459105.780071811750531 ], [ 714989.448716740938835, 7458523.913797135464847 ], [ 714964.560451270779595, 7458438.719558155164123 ], [ 714962.972018687869422, 7458378.14122848957777 ], [ 714964.878874158253893, 7458306.155759663321078 ], [ 714963.448786499677226, 7458051.406014167703688 ], [ 714272.126744603272527, 7457843.410524243488908 ], [ 714106.949431060347706, 7457808.162299865856767 ], [ 713863.034317806479521, 7457773.41203710436821 ], [ 713505.87002639262937, 7457769.310075465589762 ], [ 713241.975034564733505, 7457768.016722090542316 ] ] ] ] } },
{ "type": "Feature", "properties": { "objectid": 108.0, "distrito": "4º Distrito de Itaipuaçu", "cod_bairro": 47.0, "bairro": "JARDIM ATLÂNTICO CENTRAL", "cd_distrit": "4", "nome_pop": "ITAIPUACU", "Shape__Are": 0.00050487238607399999, "Shape__Len": 0.11430009229143701, "created_us": null, "created_da": null, "last_edite": null, "last_edi_1": null }, "geometry": { "type": "MultiPolygon", "coordinates": [ [ [ [ 710976.851620702072978, 7458059.799992782995105 ], [ 709115.150006228359416, 7458320.480076242238283 ], [ 708930.217544981045648, 7458339.567998485639691 ], [ 708931.250002136803232, 7458378.160111896693707 ], [ 708931.539958116249181, 7458416.110101157799363 ], [ 708931.439973398926668, 7458447.740111645311117 ], [ 708930.739962241845205, 7458458.290121229365468 ], [ 708932.480034288018942, 7458502.260019468143582 ], [ 708933.218073697877117, 7458531.196767104789615 ], [ 708934.570477004861459, 7458558.631697112694383 ], [ 708932.400007006945089, 7458574.390020720660686 ], [ 708932.669980440405197, 7458611.170108233578503 ], [ 708946.070004976121709, 7458611.150082189589739 ], [ 708959.580023027956486, 7458611.140036784112453 ], [ 708972.999955885577947, 7458611.150061227381229 ], [ 708973.15998413413763, 7458622.850102458149195 ], [ 708959.69998457073234, 7458622.910086199641228 ], [ 708946.080041692708619, 7458622.960094258189201 ], [ 708932.56004078220576, 7458623.020111551508307 ], [ 708932.699978861259297, 7458656.220044193789363 ], [ 708933.477203703834675, 7458669.955766573548317 ], [ 708933.359967685188167, 7458672.800076026469469 ], [ 708933.389971928205341, 7458701.230130594223738 ], [ 708946.739971584058367, 7458701.140024054795504 ], [ 708960.169981158571318, 7458701.05012384802103 ], [ 708973.549962652148679, 7458700.770050281658769 ], [ 708973.950012245681137, 7458712.840050874277949 ], [ 708973.779998829588294, 7458725.060085514560342 ], [ 708973.819999302271754, 7458736.870124869048595 ], [ 708973.869990994222462, 7458748.890044615603983 ], [ 708973.910003344528377, 7458760.930041313171387 ], [ 708974.050021321512759, 7458772.800057613290846 ], [ 708974.180033797863871, 7458784.570076934993267 ], [ 708974.310020841425285, 7458796.870129304006696 ], [ 708974.370044124545529, 7458809.140026804991066 ], [ 708974.140018035424873, 7458820.880042232573032 ], [ 708974.489963643369265, 7458832.910084684379399 ], [ 708974.439964749151841, 7458844.880105277523398 ], [ 708974.610051864292473, 7458856.530046682804823 ], [ 708974.609983274247497, 7458868.89005814306438 ], [ 708974.74000678723678, 7458880.580100353807211 ], [ 708975.04996583564207, 7458892.870119886472821 ], [ 708974.870034397463314, 7458904.510078043676913 ], [ 708935.559981245780364, 7458905.040059801191092 ], [ 708935.600048382533714, 7458936.370026422664523 ], [ 708935.619950919295661, 7458951.08006623852998 ], [ 708935.710038382560015, 7458983.110065257176757 ], [ 708975.640021902625449, 7458982.630090628750622 ], [ 708975.519999716896564, 7458994.500059492886066 ], [ 708975.730017827590927, 7459006.500030416995287 ], [ 708975.75001708092168, 7459018.090022847987711 ], [ 708975.78995588584803, 7459030.850130192935467 ], [ 708975.909970451961271, 7459042.640112708322704 ], [ 708976.029955136706121, 7459054.620065398514271 ], [ 708976.14996508974582, 7459066.720091855153441 ], [ 708976.270031564752571, 7459079.260094332508743 ], [ 708976.390021413099021, 7459090.620068865828216 ], [ 708976.41001803742256, 7459102.720043546520174 ], [ 708976.440029733930714, 7459114.810020498931408 ], [ 708976.540003093658015, 7459126.760120742022991 ], [ 708976.649995122454129, 7459138.730020249262452 ], [ 708976.749950596829876, 7459150.930127448402345 ], [ 708976.906443874817342, 7459162.075255017727613 ], [ 708976.906399863772094, 7459174.34276907145977 ], [ 708976.906388136092573, 7459186.147265503183007 ], [ 708977.832230153959244, 7459220.403648296371102 ], [ 708978.304559521144256, 7459232.162705748341978 ], [ 708977.694350809790194, 7459263.923728816211224 ], [ 708977.897813823539764, 7459275.748328221961856 ], [ 708977.694278142647818, 7459288.564538558013737 ], [ 708977.769976099138148, 7459300.880070093087852 ], [ 708977.849986780667678, 7459312.930026855319738 ], [ 708977.930016064899974, 7459324.900118310004473 ], [ 708978.010024975170381, 7459336.950074760243297 ], [ 708978.260025676107034, 7459348.950039982795715 ], [ 708978.949960951693356, 7459360.380079858005047 ], [ 708978.989987548673525, 7459372.380080049857497 ], [ 708979.019961108919233, 7459384.380108878016472 ], [ 708979.050034730462357, 7459396.380025368183851 ], [ 708938.460005029919557, 7459397.370081319473684 ], [ 708938.500009107519872, 7459409.4301155526191 ], [ 708978.489965300890617, 7459409.110020350664854 ], [ 708978.651083270320669, 7459420.005738211795688 ], [ 708978.840025779907592, 7459432.780054057016969 ], [ 708978.829971300787292, 7459444.860059507191181 ], [ 708979.049954869784415, 7459457.24004743527621 ], [ 708979.210041427053511, 7459468.830082760192454 ], [ 708965.870026095304638, 7459468.92012794315815 ], [ 708952.570038223755546, 7459468.450108636170626 ], [ 708939.239997882163152, 7459468.490034747868776 ], [ 708938.838637020904571, 7459501.813424227759242 ], [ 708939.683817958226427, 7459512.872444242238998 ], [ 708939.773849792196415, 7459546.872459396719933 ], [ 708953.103790214285254, 7459546.842509798705578 ], [ 708966.433796881698072, 7459546.802467472851276 ], [ 708979.763841907144524, 7459546.772492850199342 ], [ 708979.873837601975538, 7459559.062510702759027 ], [ 708979.993756721611135, 7459571.062506667338312 ], [ 708980.113777571823448, 7459583.062501067295671 ], [ 708980.233797606662847, 7459595.062495313584805 ], [ 708980.353816817048937, 7459607.062489415518939 ], [ 708980.473799399915151, 7459619.052514607086778 ], [ 708980.593816976994276, 7459631.052508408203721 ], [ 708980.713833728339523, 7459643.052502068690956 ], [ 708980.83384966570884, 7459655.05249557364732 ], [ 708980.953762219520286, 7459667.05249036103487 ], [ 708981.073776516132057, 7459679.052483571693301 ], [ 708981.193789987242781, 7459691.052476638928056 ], [ 708981.313802644144744, 7459703.052469551563263 ], [ 708981.433814476593398, 7459715.052462324500084 ], [ 708981.553825493087061, 7459727.052454942837358 ], [ 708981.673835685010999, 7459739.052447417750955 ], [ 708981.793845062842593, 7459751.052439740858972 ], [ 708981.913751056068577, 7459763.05243334453553 ], [ 708982.033789745648392, 7459775.03248642757535 ], [ 708968.693786022951826, 7459775.172466183081269 ], [ 708955.363837024662644, 7459775.31251610442996 ], [ 708942.033784758881666, 7459775.452444883063436 ], [ 708942.235576856415719, 7459813.761826286092401 ], [ 708942.670033778063953, 7459827.970071759074926 ], [ 708942.670011806301773, 7459867.970046607777476 ], [ 708956.000036193290725, 7459867.970027040690184 ], [ 708969.329960639355704, 7459867.970107844099402 ], [ 708982.670039597898722, 7459867.970035918056965 ], [ 708982.670021640951745, 7459879.970031064935029 ], [ 708982.67000267165713, 7459891.970026047900319 ], [ 708982.669982692226768, 7459903.970020869746804 ], [ 708982.669963237829506, 7459915.970126274973154 ], [ 708982.670043795136735, 7459927.970119344070554 ], [ 708982.670020782737993, 7459939.97011367790401 ], [ 708982.669996757758781, 7459951.970107852481306 ], [ 708982.669971717288718, 7459963.970101865008473 ], [ 708982.670048235100694, 7459975.970094284974039 ], [ 708982.670021172380075, 7459987.970087974332273 ], [ 708982.669993103132583, 7459999.970081500709057 ], [ 708982.66996402409859, 7460011.970074865967035 ], [ 708982.670036493451335, 7460023.970066638663411 ], [ 708982.659952868008986, 7460035.970088440924883 ], [ 708969.329982860246673, 7460035.970117220655084 ], [ 708956.000012395903468, 7460035.970023459754884 ], [ 708942.670044554164633, 7460035.970028659328818 ], [ 708942.669969178852625, 7460068.97002814989537 ], [ 708943.428351116250269, 7460084.012964262627065 ], [ 708942.940304147661664, 7460086.550930070690811 ], [ 708943.259972355212085, 7460114.510024502873421 ], [ 708956.589956687763333, 7460114.410110846161842 ], [ 708969.920042947400361, 7460114.310073211789131 ], [ 708983.259979108348489, 7460114.210108606144786 ], [ 708983.350006955675781, 7460126.210068861022592 ], [ 708983.440033937455155, 7460138.21002896502614 ], [ 708983.529959026258439, 7460150.210101086646318 ], [ 708983.619984272634611, 7460162.210060881450772 ], [ 708983.710008649388328, 7460174.21002053283155 ], [ 708983.800033703446388, 7460186.210090778768063 ], [ 708983.889953784877434, 7460198.210051550529897 ], [ 708983.979977096314542, 7460210.210121491923928 ], [ 708984.069998004357331, 7460222.210080537945032 ], [ 708984.160018043476157, 7460234.210039423778653 ], [ 708984.250038752099499, 7460246.210108915343881 ], [ 708984.339954494847916, 7460258.210068929940462 ], [ 708984.429971938137896, 7460270.210027370601892 ], [ 708984.530042730853893, 7460282.210067656822503 ], [ 708984.619955878471956, 7460294.21002721786499 ], [ 708984.709972256678157, 7460306.210095952264965 ], [ 708984.800021999399178, 7460318.220022546127439 ], [ 708971.46000914555043, 7460318.320083804428577 ], [ 708958.130049911793321, 7460318.420104511082172 ], [ 708944.799951736349612, 7460318.510035333223641 ], [ 708944.977250981843099, 7460349.371041846461594 ], [ 708945.560914249625057, 7460351.03943856805563 ], [ 708944.964184024254791, 7460363.725612550973892 ], [ 708945.165503252414055, 7460396.725020272657275 ], [ 708958.495173610630445, 7460396.64363064430654 ], [ 708971.825051573920064, 7460396.562337112613022 ], [ 708985.1646770874504, 7460396.481118058785796 ], [ 708985.237857776810415, 7460408.480865182355046 ], [ 708985.311140134464949, 7460420.4806107301265 ], [ 708985.38431902998127, 7460432.480357547290623 ], [ 708985.457396010635421, 7460444.480216382071376 ], [ 708985.530573117779568, 7460456.479962892830372 ], [ 708985.65718536649365, 7460467.84326183795929 ], [ 708985.677027222001925, 7460480.479454033076763 ], [ 708985.750203188043088, 7460492.479310831986368 ], [ 708985.823274154216051, 7460504.479058153927326 ], [ 708985.896550894482061, 7460516.478913229890168 ], [ 708985.969721102854237, 7460528.478548070415854 ], [ 708986.042893492034636, 7460540.478404263034463 ], [ 708986.116063443361782, 7460552.478149549104273 ], [ 708986.173864145297557, 7460564.131842697970569 ], [ 708986.262400674051605, 7460576.47763966396451 ], [ 708986.335569478455, 7460588.477495238184929 ], [ 708986.408838421455584, 7460600.477238489314914 ], [ 708973.06903527630493, 7460600.558666117489338 ], [ 708959.739282887428999, 7460600.639831717126071 ], [ 708946.40953451464884, 7460600.72120701149106 ], [ 708946.491256702691317, 7460632.135604176670313 ], [ 708947.907681273994967, 7460633.158514278940856 ], [ 708947.904701363295317, 7460644.929465660825372 ], [ 708947.849962743930519, 7460678.450040807947516 ], [ 708960.740034614689648, 7460678.290032297372818 ], [ 708973.760029316181317, 7460678.200099352747202 ], [ 708987.140044475789182, 7460678.010119226761162 ], [ 708987.140033253002912, 7460690.200072283856571 ], [ 708987.259974492480978, 7460702.030021604150534 ], [ 708987.369953753892332, 7460713.630040941759944 ], [ 708987.470038875704631, 7460726.040032597258687 ], [ 708987.580016402178444, 7460737.810082687065005 ], [ 708987.679967889329419, 7460749.900063032284379 ], [ 708987.620006028329954, 7460761.910071252845228 ], [ 708987.659979463205673, 7460774.010077366605401 ], [ 708987.83997510408517, 7460798.190091567113996 ], [ 708987.989960693754256, 7460809.990047141909599 ], [ 708988.292507635196671, 7460822.219997121021152 ], [ 708988.599974324693903, 7460834.250050704926252 ], [ 708988.670049068517983, 7460846.250056474469602 ], [ 708988.720016770181246, 7460858.250119536183774 ], [ 708988.780035082949325, 7460870.250042973086238 ], [ 708988.839951444533654, 7460882.250078432261944 ], [ 708975.500048086396419, 7460882.320077512413263 ], [ 708962.169993642601185, 7460882.390038926154375 ], [ 708948.840008549741469, 7460882.450129121541977 ], [ 708949.167915542726405, 7460915.493730511516333 ], [ 708949.229597778874449, 7460926.24071509949863 ], [ 708949.450162981403992, 7460972.179578342474997 ], [ 708989.149975911597721, 7460971.98005666770041 ], [ 708989.419983462197706, 7460985.030038699507713 ], [ 708989.510052155819722, 7460997.030097283422947 ], [ 708989.47002512589097, 7461007.920057726092637 ], [ 708989.333034076495096, 7461020.538922498933971 ], [ 708989.780044830753468, 7461033.030053477734327 ], [ 708989.870007493766025, 7461045.030112879350781 ], [ 708989.959967745933682, 7461057.030061386525631 ], [ 708990.039976486819796, 7461069.030037027783692 ], [ 708990.206668753759004, 7461079.721066707745194 ], [ 708990.249261590884998, 7461089.985583664849401 ], [ 708977.082220837823115, 7461090.239039986394346 ], [ 708977.046708407346159, 7461105.123389372602105 ], [ 708950.320040446007624, 7461105.330098086968064 ], [ 708949.732668602955528, 7461132.579526459798217 ], [ 708951.908604166936129, 7461138.816894041374326 ], [ 708936.127109208377078, 7461150.767484111711383 ], [ 708887.503721682354808, 7461233.850729459896684 ], [ 708912.678096952848136, 7461250.16786792408675 ], [ 708939.592482796404511, 7461268.100443132221699 ], [ 708945.288985313964076, 7461271.120537459850311 ], [ 709027.539978414773941, 7461216.990084763616323 ], [ 709082.659402144374326, 7461227.702753204852343 ], [ 709106.363767133210786, 7461220.137720355764031 ], [ 709136.316796607803553, 7461202.965708104893565 ], [ 709200.530602367245592, 7461179.313281573355198 ], [ 710589.683542977902107, 7460725.723298233002424 ], [ 710717.037592317443341, 7460764.372417687438428 ], [ 710793.496987892547622, 7460763.567140076309443 ], [ 710938.341644243337214, 7460844.553144322708249 ], [ 711003.785588592290878, 7460889.612870863638818 ], [ 711241.141858910792507, 7460639.446289462968707 ], [ 711346.530899389181286, 7460537.364806370809674 ], [ 711340.881027215858921, 7460531.344819980673492 ], [ 711361.365403997013345, 7460509.834715124219656 ], [ 711355.791485405992717, 7460505.959082087501884 ], [ 711345.688571023987606, 7460497.423952098935843 ], [ 711359.65078136487864, 7460484.588026832789183 ], [ 711419.984724525478669, 7460453.79902951605618 ], [ 711391.764445096021518, 7460419.696315862238407 ], [ 711369.663503386545926, 7460385.953189736232162 ], [ 711348.508423309773207, 7460358.469507321715355 ], [ 711340.257113179424778, 7460368.460994696244597 ], [ 711331.742186345160007, 7460378.316272135823965 ], [ 711321.350884206243791, 7460388.545585246756673 ], [ 711274.436950048315339, 7460441.981142822653055 ], [ 711245.527664679219015, 7460429.436243822798133 ], [ 711207.261174746789038, 7460412.125128597021103 ], [ 711168.697299981489778, 7460393.77629366517067 ], [ 711160.298100682906806, 7460387.458170594647527 ], [ 711135.223392991232686, 7460372.634141258895397 ], [ 711132.645495697273873, 7460367.099394553340971 ], [ 711129.01204369973857, 7460354.609187444671988 ], [ 711125.603524710168131, 7460328.477600995451212 ], [ 711120.91634182468988, 7460314.824228680692613 ], [ 711100.025280512170866, 7460231.765220032073557 ], [ 711145.929115750594065, 7460254.53027824498713 ], [ 711145.781550436047837, 7460198.649295190349221 ], [ 711145.994315774179995, 7460171.333519977517426 ], [ 711146.50715470360592, 7460100.339761452749372 ], [ 711146.810613539069891, 7460058.337583040818572 ], [ 711146.926163688534871, 7460042.342629444785416 ], [ 711147.099586145719513, 7460018.339119952172041 ], [ 711147.244076137314551, 7459998.344152249395847 ], [ 711142.244376028771512, 7459998.303938703611493 ], [ 711069.246812971308827, 7459997.717169256880879 ], [ 711005.811837691115215, 7459997.207275385037065 ], [ 711006.179955754196271, 7459984.570027288980782 ], [ 711006.18004437990021, 7459966.570090748369694 ], [ 711006.179998594336212, 7459954.570060463622212 ], [ 711006.179951787227765, 7459942.570030007511377 ], [ 711006.1800080727553, 7459930.570108707994223 ], [ 711006.179959224537015, 7459918.570077929645777 ], [ 710992.839951876318082, 7459918.570051007904112 ], [ 710979.509999731555581, 7459918.570092931389809 ], [ 710966.180048677953891, 7459918.570123054087162 ], [ 710966.179971020086668, 7459885.570044807158411 ], [ 710967.694149720482528, 7459878.68701527453959 ], [ 710966.405847031855956, 7459816.851612109690905 ], [ 710965.8399120940594, 7459796.947702707722783 ], [ 710965.650564127136022, 7459760.061881748959422 ], [ 710978.979985442943871, 7459759.938890883699059 ], [ 711005.648880068445578, 7459759.692622100003064 ], [ 711005.538139124517329, 7459747.693032613024116 ], [ 711005.427296329755336, 7459735.693555161356926 ], [ 711005.31645424303133, 7459723.694188307970762 ], [ 711005.20571231842041, 7459711.694709121249616 ], [ 711005.094865438411944, 7459699.695120468735695 ], [ 711004.98412182496395, 7459687.695640984922647 ], [ 711004.873274807585403, 7459675.696162788197398 ], [ 711004.762632070109248, 7459663.696681562811136 ], [ 711004.651783365407027, 7459651.697203070856631 ], [ 711004.541036373819225, 7459639.697722990997136 ], [ 711004.430184428812936, 7459627.698133448138833 ], [ 711004.319437300902791, 7459615.698763817548752 ], [ 711004.2085852191085, 7459603.699284729547799 ], [ 711004.097834850777872, 7459591.699804054573178 ], [ 711003.986981079215184, 7459579.700324668549001 ], [ 711003.876227469649166, 7459567.700732942670584 ], [ 711003.765372010879219, 7459555.701253260485828 ], [ 711003.654618265107274, 7459543.701771990396082 ], [ 711003.543863681494258, 7459531.702290570363402 ], [ 710989.864483847049996, 7459531.828565396368504 ], [ 710976.545008298708126, 7459531.951555928215384 ], [ 710963.545641094329767, 7459532.071599297225475 ], [ 710963.016783457482234, 7459501.66951602883637 ], [ 710964.282036667806096, 7459487.202714996412396 ], [ 710964.103383088018745, 7459454.203128606081009 ], [ 710977.103176500182599, 7459454.132919481024146 ], [ 710990.102967720129527, 7459454.062477635219693 ], [ 711003.102863965905271, 7459453.992133868858218 ], [ 711003.037950983271003, 7459441.992340944707394 ], [ 711002.973035524366423, 7459429.992437120527029 ], [ 711002.908120701787993, 7459417.99264389462769 ], [ 711002.843102409737185, 7459405.992851948365569 ], [ 711002.778185751289129, 7459393.993058410473168 ], [ 711002.713266623672098, 7459381.993153968825936 ], [ 711002.648348136222921, 7459369.993360128253698 ], [ 711002.583428726065904, 7459357.993566127493978 ], [ 711002.518508396926336, 7459345.993771972134709 ], [ 711002.453585604438558, 7459333.993866916745901 ], [ 711002.388560886029154, 7459321.994073896668851 ], [ 711002.323740360792726, 7459309.994277842342854 ], [ 711002.258816368877888, 7459297.994483070448041 ], [ 711002.193787344265729, 7459285.994578836485744 ], [ 711002.128861511591822, 7459273.994783764705062 ], [ 711002.064037321950309, 7459261.994987094774842 ], [ 711001.999007098842412, 7459249.995193146169186 ], [ 710988.999182909377851, 7459250.065440446138382 ], [ 710975.999362749629654, 7459250.13589802198112 ], [ 710962.999642951181158, 7459250.206121426075697 ], [ 710962.815644171787426, 7459216.206671516411006 ], [ 710961.439066438004375, 7459204.153483308851719 ], [ 710961.439141271519475, 7459171.153485829010606 ], [ 710974.43905905156862, 7459171.153483482077718 ], [ 710987.439080425305292, 7459171.153468478471041 ], [ 711000.439102837117389, 7459171.153442254289985 ], [ 711000.439098068978637, 7459159.153510903939605 ], [ 711000.439090721309185, 7459147.15346865169704 ], [ 711000.43908235244453, 7459135.153426229953766 ], [ 711000.439074514200911, 7459123.153494404628873 ], [ 711000.439064103644341, 7459111.153451658785343 ], [ 711000.439054224523716, 7459099.153519507497549 ], [ 711000.439144326024689, 7459087.153475002385676 ], [ 711000.439130858285353, 7459075.15343177691102 ], [ 711000.439117916044779, 7459063.153499135747552 ], [ 711000.439102400327101, 7459051.153455587103963 ], [ 711000.439087416045368, 7459039.153522619977593 ], [ 711000.439069858402945, 7459027.153478749096394 ], [ 711000.439051279565319, 7459015.153434712439775 ], [ 711000.439135786145926, 7459003.153499828651547 ], [ 711000.43911516526714, 7458991.153455464169383 ], [ 711000.439095081295818, 7458979.153521694242954 ], [ 711000.43907241744455, 7458967.153477009385824 ], [ 710987.439123459160328, 7458967.153518454171717 ], [ 710974.439071432338096, 7458967.153439369052649 ], [ 710961.43912455602549, 7458967.153458370827138 ], [ 710961.423457621014677, 7458934.541813530027866 ], [ 710959.525315797189251, 7458923.441697534173727 ], [ 710959.235350604401901, 7458890.441656423732638 ], [ 710972.565275595290586, 7458890.321694608777761 ], [ 710985.895341213908978, 7458890.211688409559429 ], [ 710999.235346459317952, 7458890.071622872725129 ], [ 710999.125256253872067, 7458878.071680195629597 ], [ 710999.025254270178266, 7458866.081676074303687 ], [ 710985.685296924086288, 7458866.201693163253367 ], [ 710972.355289770639502, 7458866.321669713594019 ], [ 710959.025283491821028, 7458866.441634446382523 ], [ 710958.725255320314318, 7458833.441621521487832 ], [ 710958.021811588201672, 7458744.519977787509561 ], [ 710957.836145200184546, 7458710.518759435974061 ], [ 710971.505928368424065, 7458710.580779237672687 ], [ 710984.835763231385499, 7458710.641239123418927 ], [ 710997.83560047193896, 7458710.700222025625408 ], [ 710997.890129238599911, 7458698.700405614450574 ], [ 710997.944450235459954, 7458686.700481162406504 ], [ 710984.604644167702645, 7458686.651694799773395 ], [ 710971.274684364674613, 7458686.602758601307869 ], [ 710957.94485353003256, 7458686.519026722759008 ], [ 710958.104692865512334, 7458664.666869651526213 ], [ 710958.151990134618245, 7458658.20725898258388 ], [ 710958.445057294797152, 7458655.911076281219721 ], [ 710957.224354126490653, 7458638.389481394551694 ], [ 710956.806970658246428, 7458636.530059655196965 ], [ 710956.776356248301454, 7458607.875907168723643 ], [ 710970.663860338972881, 7458607.875825779512525 ], [ 710984.349402627791278, 7458607.875904920510948 ], [ 710996.776379289338365, 7458607.875896479003131 ], [ 710996.751142780878581, 7458596.596101285889745 ], [ 710996.776379705173895, 7458583.875906703993678 ], [ 710996.776428876793943, 7458571.875855484046042 ], [ 710996.776376029942185, 7458559.875916281715035 ], [ 710996.826414086390287, 7458547.885908517986536 ], [ 710996.81640851451084, 7458535.885886986739933 ], [ 710996.766416395548731, 7458523.835914399474859 ], [ 710996.766433914657682, 7458511.855912303552032 ], [ 710996.766353073064238, 7458499.795823927037418 ], [ 710996.776441505877301, 7458487.875828944146633 ], [ 710996.786385213956237, 7458475.835870744660497 ], [ 710996.786426738020964, 7458463.835928807966411 ], [ 710996.77635945554357, 7458451.875895279459655 ], [ 710996.776397400186397, 7458439.875842271372676 ], [ 710996.776435871608555, 7458427.875899858772755 ], [ 710996.766437612473965, 7458415.825918713584542 ], [ 710996.776405646698549, 7458403.875905227847397 ], [ 710983.436405304819345, 7458403.875882939435542 ], [ 710970.10635661217384, 7458403.87593084666878 ], [ 710955.822601905325428, 7458403.861313799396157 ], [ 710956.070050488808192, 7458371.705769142135978 ], [ 710952.158462544088252, 7458299.404179885052145 ], [ 710964.516651561483741, 7458297.252635475248098 ], [ 710975.816548175993375, 7458295.395950341597199 ], [ 710987.833429707447067, 7458292.940896387211978 ], [ 710999.817044981755316, 7458291.302792818285525 ], [ 710994.762748472508974, 7458259.609841829165816 ], [ 710990.992668911349028, 7458248.075392862781882 ], [ 710988.704248707043007, 7458214.272674498148263 ], [ 710991.313801408745348, 7458202.49555822648108 ], [ 710987.400030892342329, 7458158.620065200142562 ], [ 710982.580025366041809, 7458118.910089489072561 ], [ 710976.851620702072978, 7458059.799992782995105 ] ] ] ] } },
{ "type": "Feature", "properties": { "objectid": 111.0, "distrito": "4º Distrito de Itaipuaçu", "cod_bairro": 41.0, "bairro": "RECANTO DE ITAIPUAÇU", "cd_distrit": "4", "nome_pop": "ITAIPUACU", "Shape__Are": 0.00025485418182300001, "Shape__Len": 0.077885325161866997, "created_us": null, "created_da": null, "last_edite": null, "last_edi_1": null }, "geometry": { "type": "MultiPolygon", "coordinates": [ [ [ [ 704208.679977082763799, 7459131.810126623138785 ], [ 704364.530020163510926, 7459091.340085430070758 ], [ 704590.479999646660872, 7459242.390090717002749 ], [ 704599.431554664857686, 7459242.432785584591329 ], [ 704615.465105917886831, 7459242.47478976752609 ], [ 704629.985126160085201, 7459242.594067234545946 ], [ 704629.929964535520412, 7459271.340108182281256 ], [ 704629.769991243490949, 7459271.690090591087937 ], [ 704632.599959419574589, 7459286.650092367082834 ], [ 704632.600017436314374, 7459298.650113768875599 ], [ 704632.599970398820005, 7459310.650025650858879 ], [ 704643.689964713179506, 7459314.190104259178042 ], [ 704659.689844942069612, 7459314.276943519711494 ], [ 704675.68952328315936, 7459314.36387933883816 ], [ 704684.191494806320406, 7459314.410093726590276 ], [ 704691.689307392342016, 7459314.450907518155873 ], [ 704706.047181250411086, 7459314.181427236646414 ], [ 704724.132115983986296, 7459314.151116169989109 ], [ 704736.36566938390024, 7459312.868407227098942 ], [ 704752.365726276068017, 7459312.658401462249458 ], [ 704768.355664450442418, 7459312.458485350012779 ], [ 704768.365713229752146, 7459312.458237873390317 ], [ 704776.365691904909909, 7459312.368340450339019 ], [ 704784.35568706819322, 7459312.26838406175375 ], [ 704800.355679247993976, 7459312.068407921120524 ], [ 704816.355672535137273, 7459311.868414749391377 ], [ 704827.889981887536123, 7459311.490031094290316 ], [ 704844.183277670876123, 7459311.526934782043099 ], [ 704860.205579185159877, 7459311.571496896445751 ], [ 704868.124110279837623, 7459311.548787076026201 ], [ 704875.83688825299032, 7459311.52665841486305 ], [ 704891.845965306391008, 7459311.209823844023049 ], [ 704907.969986542593688, 7459310.920096002519131 ], [ 704919.605034038075246, 7459312.855187838897109 ], [ 704920.041831363458186, 7459296.916309043765068 ], [ 704919.486065475968644, 7459280.354809133335948 ], [ 704949.375836493796669, 7459280.154969906434417 ], [ 704974.530648244312033, 7459279.277527304366231 ], [ 704974.141393956029788, 7459260.350654229521751 ], [ 704985.158054487081245, 7459226.87682590354234 ], [ 705007.827110214857385, 7459195.52152681350708 ], [ 705031.979250539909117, 7459172.455276476219296 ], [ 705020.235350221162662, 7459154.067327071912587 ], [ 704999.050003369804472, 7459133.470127506181598 ], [ 705013.319978738087229, 7459122.030021149665117 ], [ 705012.05004810995888, 7459120.570020837709308 ], [ 705017.689977107220329, 7459115.790026918053627 ], [ 705008.852726424112916, 7459106.831170983612537 ], [ 705003.449798151734285, 7459101.585294141434133 ], [ 705000.188524432131089, 7459098.414484038949013 ], [ 704991.771689993911423, 7459089.874019870534539 ], [ 704989.399968768004328, 7459087.550089282914996 ], [ 704975.170026899082586, 7459073.980110909789801 ], [ 704965.269977405201644, 7459059.410076182335615 ], [ 704956.339987138402648, 7459058.670036478899419 ], [ 704962.590100664179772, 7458975.78251382522285 ], [ 704963.169797172071412, 7458974.16085466183722 ], [ 705018.349978115642443, 7458819.810042645782232 ], [ 705030.158836031449027, 7458463.890725342556834 ], [ 704692.759952769149095, 7458450.200069479644299 ], [ 704614.549964872421697, 7458468.980044558644295 ], [ 704534.920014682924375, 7458458.880074102431536 ], [ 703791.859971420839429, 7458362.850130666047335 ], [ 703673.489952282514423, 7458301.420082090422511 ], [ 703659.89001434086822, 7458243.680109774693847 ], [ 703647.827839261502959, 7458225.091673008166254 ], [ 703666.720024106907658, 7458199.731757448986173 ], [ 703676.932086154585704, 7458188.838987853378057 ], [ 703659.060952898580581, 7458178.286430390551686 ], [ 703653.955026171403006, 7458164.500248773023486 ], [ 703660.762977736769244, 7458145.714401857927442 ], [ 703618.459974836790934, 7458115.640025543048978 ], [ 703594.169975640485063, 7458078.970103265717626 ], [ 703585.087651536217891, 7458070.868630921468139 ], [ 703581.343205518671311, 7458017.723622620105743 ], [ 703551.406316613662057, 7457969.548138274811208 ], [ 703536.793246521847323, 7457934.346665062010288 ], [ 703591.385117948171683, 7457808.37692809663713 ], [ 703618.446866194251925, 7457740.871202761307359 ], [ 703622.02113398432266, 7457694.15112042799592 ], [ 703586.919959789607674, 7457702.240020694211125 ], [ 702647.37003754498437, 7458396.140065059997141 ], [ 702587.480023694224656, 7458518.120064608752728 ], [ 702582.009955759858713, 7458622.210127992555499 ], [ 702530.86997006367892, 7458770.210028184577823 ], [ 702570.669980001053773, 7458847.100104556418955 ], [ 702671.869992474210449, 7458920.730128519237041 ], [ 702746.020014218520373, 7459010.890117043629289 ], [ 702791.470040921820328, 7459095.790063170716166 ], [ 702808.129951062845066, 7459160.250093212351203 ], [ 702815.250036661396734, 7459505.410027004778385 ], [ 702861.500020819948986, 7459558.290082783438265 ], [ 703347.549992059590295, 7459848.580127401277423 ], [ 703707.529989682603627, 7459907.400128906592727 ], [ 703764.336653600679711, 7459823.983405970036983 ], [ 704063.610001649009064, 7459395.270108378492296 ], [ 704065.539971064543352, 7459318.150025239214301 ], [ 704134.70004852139391, 7459198.920125296339393 ], [ 704208.679977082763799, 7459131.810126623138785 ] ] ] ] } },
{ "type": "Feature", "properties": { "objectid": 112.0, "distrito": "4º Distrito de Itaipuaçu", "cod_bairro": 42.0, "bairro": "PRAIA DE ITAIPUAÇU", "cd_distrit": "4", "nome_pop": "ITAIPUACU", "Shape__Are": 0.000162068059918, "Shape__Len": 0.053793330501330998, "created_us": null, "created_da": null, "last_edite": null, "last_edi_1": null }, "geometry": { "type": "MultiPolygon", "coordinates": [ [ [ [ 705615.182101919548586, 7460141.235865144059062 ], [ 705615.097735714167356, 7460129.236272525042295 ], [ 705626.182373355841264, 7460129.389729046262801 ], [ 705639.097091223695315, 7460129.067471237853169 ], [ 705655.096663686214015, 7460128.954952702857554 ], [ 705700.304394364706241, 7460083.812500148080289 ], [ 705705.914210731745698, 7460076.14552868437022 ], [ 705705.80068404879421, 7460066.950069777667522 ], [ 705705.587016170029528, 7460055.740678438916802 ], [ 705705.502262142836116, 7460043.740973179228604 ], [ 705705.457940402440727, 7460037.441133775748312 ], [ 705738.351064944406971, 7460037.109663959592581 ], [ 705745.266959610860795, 7460028.55574631690979 ], [ 705759.00640867522452, 7460010.449928747490048 ], [ 705760.329439381835982, 7460009.832596513442695 ], [ 705761.652544390410185, 7460008.244941089302301 ], [ 705762.622678091167472, 7460007.010140431113541 ], [ 705789.449972941540182, 7459974.79010790400207 ], [ 705796.589958399184979, 7459966.470029346644878 ], [ 705796.511181284789927, 7459958.470488552004099 ], [ 705796.393116735387594, 7459946.471120469272137 ], [ 705796.274947305792011, 7459934.471642886288464 ], [ 705796.156777076190338, 7459922.472165157087147 ], [ 705796.039970379555598, 7459910.610020192340016 ], [ 705809.369780846289359, 7459910.620430497452617 ], [ 705809.788922825013287, 7459950.1363983489573 ], [ 705836.039812233648263, 7459918.66517607588321 ], [ 705908.180040800129063, 7459831.080038555897772 ], [ 705908.130017199669965, 7459828.390069905668497 ], [ 705911.590014843619429, 7459827.000023130327463 ], [ 705918.210036546457559, 7459819.800087375566363 ], [ 705924.830050318618305, 7459812.600037425756454 ], [ 705926.739999419776723, 7459809.710129532963037 ], [ 705942.030034011229873, 7459792.920078191906214 ], [ 705970.92290009057615, 7459759.51852036640048 ], [ 705978.070012479554862, 7459749.770112164318562 ], [ 705977.909973920788616, 7459740.150036728009582 ], [ 705977.709985357243568, 7459728.000023398548365 ], [ 705977.51003061234951, 7459715.80005328450352 ], [ 705977.399963758303784, 7459709.180097233504057 ], [ 706012.680016438709572, 7459708.640070399269462 ], [ 706017.139972051605582, 7459700.12004915997386 ], [ 706029.960751943523064, 7459686.400926580652595 ], [ 706063.83001004694961, 7459646.960113385692239 ], [ 706077.319999648840167, 7459630.790019780397415 ], [ 706068.269991513690911, 7459630.750082609243691 ], [ 706068.259965447243303, 7459618.890110043808818 ], [ 706068.260020954301581, 7459606.800045727752149 ], [ 706068.260004877578467, 7459599.950065841898322 ], [ 706103.499986985698342, 7459599.400050288997591 ], [ 706160.080022035166621, 7459532.780094146728516 ], [ 706159.020045664161444, 7459509.520104853436351 ], [ 706158.490051449160092, 7459497.620058500207961 ], [ 706158.660040322807617, 7459486.200129142031074 ], [ 706197.7794102744665, 7459485.196200819686055 ], [ 706209.788514068583027, 7459465.535129991360009 ], [ 706209.788502523326315, 7459436.535141557455063 ], [ 706239.964028401416726, 7459436.510293616913259 ], [ 706250.288052321411669, 7459424.545595084317029 ], [ 706249.977775345440023, 7459412.419226015917957 ], [ 706249.745767420972697, 7459400.33066382072866 ], [ 706249.349327694857493, 7459390.689663766883314 ], [ 706278.623549134354107, 7459390.657252793200314 ], [ 706289.204875290393829, 7459377.308385386131704 ], [ 706289.190014802385122, 7459363.830031647346914 ], [ 706289.050030468846671, 7459351.760032788850367 ], [ 706288.919960643397644, 7459339.680039558559656 ], [ 706289.018452864373103, 7459327.991246985271573 ], [ 706288.640032847877592, 7459315.880097633227706 ], [ 706288.500045387540013, 7459303.810098187066615 ], [ 706288.368056667619385, 7459291.777428474277258 ], [ 706287.725402285694145, 7459264.383721479214728 ], [ 706302.003651244216599, 7459258.86784232314676 ], [ 706301.730048750643618, 7459212.730038668960333 ], [ 706301.860011860262603, 7459192.720043583773077 ], [ 706301.709983606124297, 7459172.750106969848275 ], [ 706301.749976692255586, 7459152.50009180419147 ], [ 706301.439968015765771, 7459132.690080581232905 ], [ 706300.349988983012736, 7459112.670110877603292 ], [ 706299.950011266279034, 7459092.560043648816645 ], [ 706299.559996106661856, 7459072.870092632248998 ], [ 706299.149961178889498, 7459052.670108190737665 ], [ 706298.740024687373079, 7459032.410085825249553 ], [ 706298.340010461164638, 7459012.44002803042531 ], [ 706297.939967667451128, 7458992.64010963961482 ], [ 706297.600045597879216, 7458975.520059507340193 ], [ 706297.62997534009628, 7458974.830119345337152 ], [ 706296.838339374982752, 7458944.122829906642437 ], [ 706314.35207500634715, 7458943.947646455839276 ], [ 706314.001611534971744, 7458923.965496855787933 ], [ 706296.80779069242999, 7458924.250830449163914 ], [ 706296.79297805018723, 7458903.581529267132282 ], [ 706296.339980279561132, 7458883.87006273586303 ], [ 706296.469996639643796, 7458863.590118045918643 ], [ 706296.500017424230464, 7458843.790060845203698 ], [ 706296.52000521926675, 7458823.580078035593033 ], [ 706296.311712521710433, 7458804.345987722277641 ], [ 706295.900040806969628, 7458783.370091091841459 ], [ 706295.69071995629929, 7458773.855009283870459 ], [ 706295.429977393127047, 7458763.260091671720147 ], [ 706294.969980595284142, 7458743.660039944574237 ], [ 706315.426173533312976, 7458742.823086764663458 ], [ 706314.610552071244456, 7458722.707853488624096 ], [ 706294.49995322432369, 7458723.680080750957131 ], [ 706294.629978446057066, 7458706.350102451629937 ], [ 706294.65003450459335, 7458693.740121932700276 ], [ 706294.650046871858649, 7458660.740040998905897 ], [ 706292.080316536128521, 7458623.934645295143127 ], [ 706291.900350562646054, 7458583.93505824636668 ], [ 706292.100034798611887, 7458570.460063634440303 ], [ 706291.285754927084781, 7458517.883720899000764 ], [ 706289.002047129208222, 7458465.754643213003874 ], [ 705264.020078941714019, 7458472.944287465885282 ], [ 705030.158836031449027, 7458463.890725342556834 ], [ 705018.349978115642443, 7458819.810042645782232 ], [ 704963.169797172071412, 7458974.16085466183722 ], [ 704962.590100664179772, 7458975.78251382522285 ], [ 704956.339987138402648, 7459058.670036478899419 ], [ 704956.339742823503911, 7459058.674692017957568 ], [ 704965.269977405201644, 7459059.410076182335615 ], [ 704975.170026899082586, 7459073.980110909789801 ], [ 704989.399968768004328, 7459087.550089282914996 ], [ 704991.771689993911423, 7459089.874019870534539 ], [ 705000.188524432131089, 7459098.414484038949013 ], [ 705003.449798151734285, 7459101.585294141434133 ], [ 705008.852726424112916, 7459106.831170983612537 ], [ 705017.689977107220329, 7459115.790026918053627 ], [ 705012.05004810995888, 7459120.570020837709308 ], [ 705013.319978738087229, 7459122.030021149665117 ], [ 704999.050003369804472, 7459133.470127506181598 ], [ 705020.235350221162662, 7459154.067327071912587 ], [ 705031.979250539909117, 7459172.455276476219296 ], [ 705007.827110214857385, 7459195.52152681350708 ], [ 704985.158054487081245, 7459226.87682590354234 ], [ 704974.141393956029788, 7459260.350654229521751 ], [ 704974.530648244312033, 7459279.277527304366231 ], [ 704978.987716966308653, 7459387.486630185507238 ], [ 705005.20544372999575, 7459463.855501927435398 ], [ 705026.12660449417308, 7459550.982837541028857 ], [ 705045.988438407192007, 7459630.231777058914304 ], [ 705066.909651056281291, 7459699.880721239373088 ], [ 705098.159013513009995, 7459795.482535076327622 ], [ 705183.546065065776929, 7459946.202605484053493 ], [ 705277.28000409482047, 7460065.7365981657058 ], [ 705523.207783743040636, 7460261.299002178944647 ], [ 705600.017367966007441, 7460216.687344135716558 ], [ 705609.708942455938086, 7460189.662386318668723 ], [ 705619.517558639985509, 7460178.99315082654357 ], [ 705615.435199902625754, 7460177.234974306076765 ], [ 705615.350834765937179, 7460165.235271407291293 ], [ 705615.266468775458634, 7460153.235568348318338 ], [ 705615.182101919548586, 7460141.235865144059062 ] ] ] ] } }
]
}
